fish,yearcap,ce,agecap,lencap,inc1,inc2,inc3,inc4,inc5,inc6,inc7,radcap
1179,1961,C,1,236,1.3568,0.9926,NA,NA,NA,NA,NA,2.3494
681,1979,E,1,216,0.6986,0.563,NA,NA,NA,NA,NA,1.2616
691,1979,E,1,188,0.8515,0.6467,NA,NA,NA,NA,NA,1.4982
692,1979,E,1,198,0.9659,0.7202,NA,NA,NA,NA,NA,1.6861
693,1979,E,1,216,1.2599,0.8333,NA,NA,NA,NA,NA,2.0932
702,1979,E,1,211,0.8349,0.5005,NA,NA,NA,NA,NA,1.3354
704,1979,E,1,178,1.3947,0.1068,NA,NA,NA,NA,NA,1.5015
705,1979,E,1,170,0.9664,0.0696,NA,NA,NA,NA,NA,1.036
649,1980,E,1,193,0.9644,0.8766,NA,NA,NA,NA,NA,1.841
650,1980,E,1,193,0.5742,0.407,NA,NA,NA,NA,NA,0.9812
651,1980,E,1,191,0.8497,0.5366,NA,NA,NA,NA,NA,1.3863
652,1980,E,1,198,1.1244,0.81,NA,NA,NA,NA,NA,1.9344
653,1980,E,1,201,1.0455,0.9457,NA,NA,NA,NA,NA,1.9912
669,1980,E,1,191,1.0862,0.8928,NA,NA,NA,NA,NA,1.979
611,1983,E,1,248,1.3482,1.7171,NA,NA,NA,NA,NA,3.0653
577,1985,E,1,239,1.1407,1.364,NA,NA,NA,NA,NA,2.5047
578,1985,E,1,216,0.8326,1.1145,NA,NA,NA,NA,NA,1.9471
587,1985,E,1,249,0.9686,0.8156,NA,NA,NA,NA,NA,1.7842
589,1985,E,1,231,1.1504,0.9368,NA,NA,NA,NA,NA,2.0872
591,1985,E,1,231,1.1277,0.9807,NA,NA,NA,NA,NA,2.1084
592,1985,E,1,226,1.2491,1.0369,NA,NA,NA,NA,NA,2.286
593,1985,E,1,208,0.9959,1.0674,NA,NA,NA,NA,NA,2.0633
595,1985,E,1,234,1.2023,1.3415,NA,NA,NA,NA,NA,2.5438
598,1985,E,1,262,1.364,1.4952,NA,NA,NA,NA,NA,2.8592
603,1985,E,1,218,0.9552,1.1246,NA,NA,NA,NA,NA,2.0798
604,1985,E,1,236,1.1029,1.209,NA,NA,NA,NA,NA,2.3119
606,1985,E,1,234,1.2671,1.2061,NA,NA,NA,NA,NA,2.4732
542,1986,E,1,239,0.6184,1.8508,NA,NA,NA,NA,NA,2.4692
548,1986,E,1,216,0.7096,1.3104,NA,NA,NA,NA,NA,2.02
551,1986,E,1,203,0.747,1.2504,NA,NA,NA,NA,NA,1.9974
556,1986,E,1,206,0.5234,1.3598,NA,NA,NA,NA,NA,1.8832
565,1986,E,1,257,0.944,1.541,NA,NA,NA,NA,NA,2.485
566,1986,E,1,175,0.5846,1.1449,NA,NA,NA,NA,NA,1.7295
567,1986,E,1,178,0.3819,0.8974,NA,NA,NA,NA,NA,1.2793
568,1986,E,1,175,0.4736,1.1378,NA,NA,NA,NA,NA,1.6114
1820,1990,C,1,240,1.4787,1.3993,NA,NA,NA,NA,NA,2.878
1821,1990,C,1,256,1.5494,1.6364,NA,NA,NA,NA,NA,3.1858
1822,1990,C,1,247,1.3441,1.3539,NA,NA,NA,NA,NA,2.698
1823,1990,C,1,283,1.6134,1.8475,NA,NA,NA,NA,NA,3.4609
1824,1990,C,1,295,1.499,1.6819,NA,NA,NA,NA,NA,3.1809
1825,1990,C,1,282,1.5493,1.9743,NA,NA,NA,NA,NA,3.5236
1766,1990,E,1,302,1.7591,1.871,NA,NA,NA,NA,NA,3.6301
1767,1990,E,1,305,1.6419,1.7254,NA,NA,NA,NA,NA,3.3673
1768,1990,E,1,295,1.4526,1.6997,NA,NA,NA,NA,NA,3.1523
1769,1990,E,1,295,1.6352,1.4793,NA,NA,NA,NA,NA,3.1145
1770,1990,E,1,300,1.7467,1.7953,NA,NA,NA,NA,NA,3.542
1771,1990,E,1,287,1.4646,1.7322,NA,NA,NA,NA,NA,3.1968
1772,1990,E,1,290,1.6751,1.7805,NA,NA,NA,NA,NA,3.4556
1773,1990,E,1,280,1.3569,1.5052,NA,NA,NA,NA,NA,2.8621
1774,1990,E,1,275,1.2937,1.6817,NA,NA,NA,NA,NA,2.9754
1775,1990,E,1,261,1.364,1.5436,NA,NA,NA,NA,NA,2.9076
1776,1990,E,1,265,1.3455,1.6901,NA,NA,NA,NA,NA,3.0356
1777,1990,E,1,260,1.5673,1.482,NA,NA,NA,NA,NA,3.0493
1778,1990,E,1,252,1.2461,1.387,NA,NA,NA,NA,NA,2.6331
1779,1990,E,1,247,1.4539,1.329,NA,NA,NA,NA,NA,2.7829
1780,1990,E,1,250,1.361,1.3731,NA,NA,NA,NA,NA,2.7341
1781,1990,E,1,240,1.0489,1.3609,NA,NA,NA,NA,NA,2.4098
1782,1990,E,1,260,1.3305,1.3815,NA,NA,NA,NA,NA,2.712
150,1991,C,1,215,1.2288,0.756,NA,NA,NA,NA,NA,1.9848
151,1991,C,1,172,1.6468,0.1478,NA,NA,NA,NA,NA,1.7946
152,1991,C,1,172,1.6063,0.0522,NA,NA,NA,NA,NA,1.6585
153,1991,C,1,184,1.7333,0.1294,NA,NA,NA,NA,NA,1.8627
154,1991,C,1,184,1.7261,0.12,NA,NA,NA,NA,NA,1.8461
256,1991,E,1,361,1.54,1.5009,NA,NA,NA,NA,NA,3.0409
265,1991,E,1,327,1.8227,1.1057,NA,NA,NA,NA,NA,2.9284
266,1991,E,1,327,1.8279,1.0491,NA,NA,NA,NA,NA,2.877
269,1991,E,1,321,1.9344,1.7482,NA,NA,NA,NA,NA,3.6826
273,1991,E,1,304,1.8244,1.8975,NA,NA,NA,NA,NA,3.7219
275,1991,E,1,297,1.9362,1.7408,NA,NA,NA,NA,NA,3.677
276,1991,E,1,295,1.7246,1.7779,NA,NA,NA,NA,NA,3.5025
277,1991,E,1,290,1.8071,1.4614,NA,NA,NA,NA,NA,3.2685
278,1991,E,1,281,1.523,1.5929,NA,NA,NA,NA,NA,3.1159
280,1991,E,1,283,1.9452,1.7068,NA,NA,NA,NA,NA,3.652
281,1991,E,1,271,1.5953,1.8064,NA,NA,NA,NA,NA,3.4017
282,1991,E,1,275,1.8553,1.8921,NA,NA,NA,NA,NA,3.7474
283,1991,E,1,275,1.7015,1.7348,NA,NA,NA,NA,NA,3.4363
284,1991,E,1,268,1.9063,1.9454,NA,NA,NA,NA,NA,3.8517
285,1991,E,1,269,1.8937,2.1151,NA,NA,NA,NA,NA,4.0088
286,1991,E,1,263,1.5295,1.6792,NA,NA,NA,NA,NA,3.2087
287,1991,E,1,264,1.8157,1.6329,NA,NA,NA,NA,NA,3.4486
288,1991,E,1,254,1.5104,1.7601,NA,NA,NA,NA,NA,3.2705
289,1991,E,1,257,1.839,1.6929,NA,NA,NA,NA,NA,3.5319
290,1991,E,1,255,1.8035,1.5903,NA,NA,NA,NA,NA,3.3938
291,1991,E,1,250,1.5802,1.6831,NA,NA,NA,NA,NA,3.2633
292,1991,E,1,238,1.4079,1.579,NA,NA,NA,NA,NA,2.9869
293,1991,E,1,225,1.6514,1.2404,NA,NA,NA,NA,NA,2.8918
130,1992,E,1,251,2.0732,1.3635,NA,NA,NA,NA,NA,3.4367
131,1992,E,1,251,2.0481,1.2941,NA,NA,NA,NA,NA,3.3422
132,1992,E,1,230,1.7101,1.117,NA,NA,NA,NA,NA,2.8271
133,1992,E,1,230,1.9308,1.0602,NA,NA,NA,NA,NA,2.991
134,1992,E,1,260,2.0957,1.22,NA,NA,NA,NA,NA,3.3157
135,1992,E,1,260,2.098,1.211,NA,NA,NA,NA,NA,3.309
136,1992,E,1,260,2.0605,1.0765,NA,NA,NA,NA,NA,3.137
137,1992,E,1,260,1.9106,1.0755,NA,NA,NA,NA,NA,2.9861
138,1992,E,1,271,2.3814,1.26,NA,NA,NA,NA,NA,3.6414
139,1992,E,1,271,2.5239,1.1671,NA,NA,NA,NA,NA,3.691
140,1992,E,1,260,1.8965,1.3206,NA,NA,NA,NA,NA,3.2171
141,1992,E,1,260,1.9846,1.3168,NA,NA,NA,NA,NA,3.3014
142,1992,E,1,249,1.9282,1.3019,NA,NA,NA,NA,NA,3.2301
143,1992,E,1,230,1.3178,1.674,NA,NA,NA,NA,NA,2.9918
144,1992,E,1,230,1.2852,1.5513,NA,NA,NA,NA,NA,2.8365
145,1992,E,1,260,2.0593,1.1944,NA,NA,NA,NA,NA,3.2537
146,1992,E,1,260,2.0388,1.2087,NA,NA,NA,NA,NA,3.2475
147,1992,E,1,250,2.0712,1.1721,NA,NA,NA,NA,NA,3.2433
148,1992,E,1,250,2.1327,1.1693,NA,NA,NA,NA,NA,3.302
149,1992,E,1,250,2.0529,1.075,NA,NA,NA,NA,NA,3.1279
1678,1993,E,1,250,1.3827,1.7194,NA,NA,NA,NA,NA,3.1021
1681,1993,E,1,282,1.7043,1.9996,NA,NA,NA,NA,NA,3.7039
1683,1993,E,1,200,0.9199,1.3304,NA,NA,NA,NA,NA,2.2503
1689,1993,E,1,215,1.0144,1.5157,NA,NA,NA,NA,NA,2.5301
1443,1955,C,2,279,1.0731,1.3894,0.7574,NA,NA,NA,NA,3.2199
1361,1957,C,2,279,1.3647,1.2883,0.7711,NA,NA,NA,NA,3.4241
1177,1961,C,2,312,1.3345,1.6251,0.6313,NA,NA,NA,NA,3.5909
1203,1961,C,2,305,1.1333,1.4475,0.7816,NA,NA,NA,NA,3.3624
1205,1961,C,2,277,1.2437,1.2118,0.6708,NA,NA,NA,NA,3.1263
1137,1962,C,2,292,1.1805,1.6098,0.3659,NA,NA,NA,NA,3.1562
1147,1962,C,2,272,1.495,1.2277,0.4509,NA,NA,NA,NA,3.1736
1148,1962,C,2,300,1.5312,2.0618,0.4757,NA,NA,NA,NA,4.0687
1154,1962,C,2,292,1.1837,1.489,0.7468,NA,NA,NA,NA,3.4195
1155,1962,C,2,287,1.2208,1.4191,0.4953,NA,NA,NA,NA,3.1352
1156,1962,C,2,262,1.2987,1.8003,0.2183,NA,NA,NA,NA,3.3173
1161,1962,C,2,297,1.4811,1.6126,0.2783,NA,NA,NA,NA,3.372
1163,1962,C,2,284,1.524,1.5124,0.3233,NA,NA,NA,NA,3.3597
1166,1962,C,2,277,1.2939,1.462,0.2197,NA,NA,NA,NA,2.9756
1167,1962,C,2,274,1.0569,1.3889,0.4782,NA,NA,NA,NA,2.924
1170,1962,C,2,300,1.3978,2.1763,0.2074,NA,NA,NA,NA,3.7815
1073,1964,C,2,262,1.1505,1.1392,1.0383,NA,NA,NA,NA,3.328
1096,1964,C,2,262,1.092,0.9343,0.8712,NA,NA,NA,NA,2.8975
686,1979,E,2,259,1.2447,1.4915,0.0107,NA,NA,NA,NA,2.7469
687,1979,E,2,274,0.8793,0.9024,0.022,NA,NA,NA,NA,1.8037
690,1979,E,2,264,1.0852,1.579,0.0059,NA,NA,NA,NA,2.6701
714,1979,E,2,267,1.4354,1.3841,0.0626,NA,NA,NA,NA,2.8821
715,1979,E,2,274,1.0682,1.2652,0.061,NA,NA,NA,NA,2.3944
654,1980,E,2,268,0.661,0.972,0.3264,NA,NA,NA,NA,1.9594
655,1980,E,2,282,0.6163,1.1082,0.3354,NA,NA,NA,NA,2.0599
656,1980,E,2,279,1.0024,1.4352,0.4845,NA,NA,NA,NA,2.9221
657,1980,E,2,290,1.4263,2.0154,0.5032,NA,NA,NA,NA,3.9449
658,1980,E,2,300,0.7971,1.1045,0.2546,NA,NA,NA,NA,2.1562
659,1980,E,2,292,1.154,1.7208,0.705,NA,NA,NA,NA,3.5798
660,1980,E,2,295,0.9151,1.3695,0.4432,NA,NA,NA,NA,2.7278
661,1980,E,2,292,1.207,1.7056,0.421,NA,NA,NA,NA,3.3336
662,1980,E,2,297,0.9515,1.6801,0.5672,NA,NA,NA,NA,3.1988
663,1980,E,2,305,0.749,1.0407,0.2451,NA,NA,NA,NA,2.0348
664,1980,E,2,305,1.0805,1.401,0.4749,NA,NA,NA,NA,2.9564
665,1980,E,2,305,1.1089,1.396,0.3946,NA,NA,NA,NA,2.8995
666,1980,E,2,312,1.2255,1.7287,0.4805,NA,NA,NA,NA,3.4347
667,1980,E,2,310,1.1067,1.6008,0.6362,NA,NA,NA,NA,3.3437
668,1980,E,2,307,0.9764,1.4201,0.4864,NA,NA,NA,NA,2.8829
670,1980,E,2,256,1.4414,1.5877,0.4613,NA,NA,NA,NA,3.4904
671,1980,E,2,282,1.4158,1.6769,0.527,NA,NA,NA,NA,3.6197
672,1980,E,2,285,0.852,1.4334,0.4233,NA,NA,NA,NA,2.7087
674,1980,E,2,318,1.5016,1.6623,0.6322,NA,NA,NA,NA,3.7961
675,1980,E,2,325,1.0839,1.1452,0.3205,NA,NA,NA,NA,2.5496
676,1980,E,2,295,1.0901,1.6244,0.5661,NA,NA,NA,NA,3.2806
677,1980,E,2,305,1.218,1.6181,0.5152,NA,NA,NA,NA,3.3513
678,1980,E,2,325,1.1465,1.2326,0.4019,NA,NA,NA,NA,2.781
596,1985,E,2,302,1.1352,1.5302,0.6955,NA,NA,NA,NA,3.3609
599,1985,E,2,320,1.5566,1.9201,1.0206,NA,NA,NA,NA,4.4973
607,1985,E,2,315,1.1835,1.6699,0.9643,NA,NA,NA,NA,3.8177
541,1986,E,2,323,1.0506,1.3001,1.0519,NA,NA,NA,NA,3.4026
547,1986,E,2,323,0.8978,1.2038,0.851,NA,NA,NA,NA,2.9526
552,1986,E,2,285,0.8212,1.0407,0.5779,NA,NA,NA,NA,2.4398
553,1986,E,2,302,1.1467,1.0938,0.889,NA,NA,NA,NA,3.1295
554,1986,E,2,356,1.3199,1.3669,0.8395,NA,NA,NA,NA,3.5263
555,1986,E,2,333,1.0464,0.833,0.8459,NA,NA,NA,NA,2.7253
557,1986,E,2,318,0.9259,1.3697,1.2036,NA,NA,NA,NA,3.4992
558,1986,E,2,333,1.1362,1.4202,1.1251,NA,NA,NA,NA,3.6815
572,1986,E,2,356,0.7387,1.1363,0.8889,NA,NA,NA,NA,2.7639
473,1987,C,2,299,1.155,1.4993,0.8351,NA,NA,NA,NA,3.4894
478,1987,C,2,274,0.5375,1.2384,1.2463,NA,NA,NA,NA,3.0222
481,1987,C,2,258,0.6244,1.4073,1.1198,NA,NA,NA,NA,3.1515
485,1987,C,2,267,0.6125,1.5314,1.0621,NA,NA,NA,NA,3.206
487,1987,C,2,245,0.9069,1.4126,0.1048,NA,NA,NA,NA,2.4243
488,1987,C,2,280,0.9272,1.4667,0.7937,NA,NA,NA,NA,3.1876
489,1987,C,2,299,0.9225,1.7455,1.2655,NA,NA,NA,NA,3.9335
493,1987,C,2,300,0.9198,1.578,1.0446,NA,NA,NA,NA,3.5424
497,1987,C,2,294,0.6715,1.696,1.4183,NA,NA,NA,NA,3.7858
501,1987,C,2,340,1.2633,1.5388,1.3147,NA,NA,NA,NA,4.1168
502,1987,C,2,294,0.4697,1.6345,1.5972,NA,NA,NA,NA,3.7014
504,1987,C,2,291,0.6183,1.6587,1.7285,NA,NA,NA,NA,4.0055
505,1987,C,2,340,1.4016,1.5789,1.2831,NA,NA,NA,NA,4.2636
507,1987,E,2,307,0.8252,1.4352,1.2584,NA,NA,NA,NA,3.5188
508,1987,E,2,332,1.0688,1.3842,0.9755,NA,NA,NA,NA,3.4285
510,1987,E,2,305,0.4565,1.1775,1.4414,NA,NA,NA,NA,3.0754
512,1987,E,2,263,0.4968,1.1603,1.3912,NA,NA,NA,NA,3.0483
513,1987,E,2,314,0.5888,1.5271,1.4473,NA,NA,NA,NA,3.5632
514,1987,E,2,261,0.9498,1.5416,1.0358,NA,NA,NA,NA,3.5272
516,1987,E,2,355,0.8129,1.5851,1.1622,NA,NA,NA,NA,3.5602
517,1987,E,2,363,1.0725,1.7373,1.103,NA,NA,NA,NA,3.9128
518,1987,E,2,312,0.9368,2.079,1.2832,NA,NA,NA,NA,4.299
519,1987,E,2,280,1.1229,1.4516,0.9079,NA,NA,NA,NA,3.4824
520,1987,E,2,329,1.1776,1.2884,0.9781,NA,NA,NA,NA,3.4441
521,1987,E,2,367,0.9889,1.4829,0.9808,NA,NA,NA,NA,3.4526
522,1987,E,2,308,0.9808,1.7266,1.165,NA,NA,NA,NA,3.8724
527,1987,E,2,289,0.3922,0.5791,1.9344,NA,NA,NA,NA,2.9057
528,1987,E,2,288,0.9977,1.5147,0.9347,NA,NA,NA,NA,3.4471
531,1987,E,2,289,0.7284,1.3852,1.0111,NA,NA,NA,NA,3.1247
539,1987,E,2,335,0.6325,1.9494,1.334,NA,NA,NA,NA,3.9159
540,1987,E,2,287,1.0204,1.8849,1.186,NA,NA,NA,NA,4.0913
404,1988,C,2,257,1.167,1.5903,0.3322,NA,NA,NA,NA,3.0895
456,1988,E,2,306,1.1413,1.8642,1.2139,NA,NA,NA,NA,4.2194
1793,1990,C,2,346,1.6013,1.3266,0.9935,NA,NA,NA,NA,3.9214
155,1991,C,2,370,1.6916,1.8378,0.9948,NA,NA,NA,NA,4.5242
156,1991,C,2,370,1.4239,1.7012,0.8958,NA,NA,NA,NA,4.0209
157,1991,C,2,373,1.7164,1.9938,0.9207,NA,NA,NA,NA,4.6309
158,1991,C,2,373,1.7371,1.9291,0.7726,NA,NA,NA,NA,4.4388
159,1991,C,2,330,1.4082,2.0095,0.8686,NA,NA,NA,NA,4.2863
160,1991,C,2,330,1.6029,1.9642,0.8341,NA,NA,NA,NA,4.4012
161,1991,C,2,280,1.4581,1.5783,0.1584,NA,NA,NA,NA,3.1948
162,1991,C,2,280,1.4561,1.6796,0.1883,NA,NA,NA,NA,3.324
163,1991,C,2,355,1.9632,2.3757,0.9009,NA,NA,NA,NA,5.2398
164,1991,C,2,355,1.8338,2.2627,0.8875,NA,NA,NA,NA,4.984
165,1991,C,2,355,1.7664,2.1324,0.7665,NA,NA,NA,NA,4.6653
166,1991,C,2,355,1.8888,2.1711,0.8279,NA,NA,NA,NA,4.8878
167,1991,C,2,335,1.681,1.8641,0.7975,NA,NA,NA,NA,4.3426
168,1991,C,2,335,1.732,1.7926,0.7728,NA,NA,NA,NA,4.2974
169,1991,C,2,330,1.1889,1.8978,1.1798,NA,NA,NA,NA,4.2665
170,1991,C,2,295,1.2548,1.0081,0.0972,NA,NA,NA,NA,2.3601
171,1991,C,2,295,1.0573,1.1241,0.0983,NA,NA,NA,NA,2.2797
172,1991,C,2,287,1.5872,1.867,0.0911,NA,NA,NA,NA,3.5453
173,1991,C,2,287,1.6251,1.8435,0.054,NA,NA,NA,NA,3.5226
174,1991,C,2,360,1.8965,1.861,1.4423,NA,NA,NA,NA,5.1998
175,1991,C,2,360,1.526,1.7069,1.1381,NA,NA,NA,NA,4.371
176,1991,C,2,455,1.1744,1.521,1.0485,NA,NA,NA,NA,3.7439
177,1991,C,2,455,1.283,1.723,1.1368,NA,NA,NA,NA,4.1428
178,1991,C,2,315,1.5551,2.0727,0.7842,NA,NA,NA,NA,4.412
179,1991,C,2,315,1.6524,2.17,0.7027,NA,NA,NA,NA,4.5251
180,1991,C,2,310,1.6802,1.7063,0.9352,NA,NA,NA,NA,4.3217
181,1991,C,2,310,1.4786,1.7001,0.8916,NA,NA,NA,NA,4.0703
182,1991,C,2,285,1.0389,1.0252,0.4013,NA,NA,NA,NA,2.4654
183,1991,C,2,285,1.0534,0.9882,0.382,NA,NA,NA,NA,2.4236
184,1991,C,2,373,1.9953,2.2114,0.9839,NA,NA,NA,NA,5.1906
185,1991,C,2,373,1.8479,2.0551,0.852,NA,NA,NA,NA,4.755
186,1991,C,2,240,1.7965,1.512,0.1395,NA,NA,NA,NA,3.448
187,1991,C,2,240,1.7226,1.4796,0.1166,NA,NA,NA,NA,3.3188
188,1991,C,2,295,0.9311,1.3804,0.1566,NA,NA,NA,NA,2.4681
189,1991,C,2,295,1.1457,1.5824,0.1511,NA,NA,NA,NA,2.8792
190,1991,C,2,295,1.1132,1.4289,0.1003,NA,NA,NA,NA,2.6424
191,1991,C,2,292,1.0772,1.2967,0.196,NA,NA,NA,NA,2.5699
192,1991,C,2,310,1.5782,1.5582,0.5318,NA,NA,NA,NA,3.6682
193,1991,C,2,355,1.6469,1.9799,0.7366,NA,NA,NA,NA,4.3634
194,1991,C,2,355,1.5519,1.9972,0.7545,NA,NA,NA,NA,4.3036
195,1991,C,2,320,0.9572,1.2276,0.239,NA,NA,NA,NA,2.4238
196,1991,C,2,320,1.0676,1.2521,0.355,NA,NA,NA,NA,2.6747
197,1991,C,2,325,1.0624,1.4572,0.3471,NA,NA,NA,NA,2.8667
198,1991,C,2,303,1.4343,1.5541,0.8199,NA,NA,NA,NA,3.8083
199,1991,C,2,303,1.5059,1.5588,0.8382,NA,NA,NA,NA,3.9029
248,1991,E,2,345,1.4712,1.5942,1.26,NA,NA,NA,NA,4.3254
249,1991,E,2,355,1.4885,1.7227,1.1979,NA,NA,NA,NA,4.4091
250,1991,E,2,348,1.4636,2.0225,1.1811,NA,NA,NA,NA,4.6672
251,1991,E,2,349,1.7692,2.0154,1.062,NA,NA,NA,NA,4.8466
252,1991,E,2,386,1.7928,2.0172,1.1688,NA,NA,NA,NA,4.9788
253,1991,E,2,378,1.4354,2.0055,1.3495,NA,NA,NA,NA,4.7904
254,1991,E,2,379,1.6965,1.8578,1.2275,NA,NA,NA,NA,4.7818
255,1991,E,2,364,1.5929,1.8173,1.2875,NA,NA,NA,NA,4.6977
257,1991,E,2,368,1.9951,1.8037,1.087,NA,NA,NA,NA,4.8858
258,1991,E,2,357,1.6851,2.0894,1.2073,NA,NA,NA,NA,4.9818
259,1991,E,2,340,1.201,1.3782,1.3493,NA,NA,NA,NA,3.9285
260,1991,E,2,332,1.757,1.6923,1.1203,NA,NA,NA,NA,4.5696
261,1991,E,2,335,1.277,1.8442,1.492,NA,NA,NA,NA,4.6132
262,1991,E,2,322,1.5851,1.8292,1.0195,NA,NA,NA,NA,4.4338
263,1991,E,2,320,1.3924,1.6572,1.1773,NA,NA,NA,NA,4.2269
264,1991,E,2,320,1.1115,1.4908,1.1161,NA,NA,NA,NA,3.7184
267,1991,E,2,310,1.2477,1.2702,1.4265,NA,NA,NA,NA,3.9444
268,1991,E,2,310,1.018,0.7687,1.2963,NA,NA,NA,NA,3.083
270,1991,E,2,320,1.4062,1.5708,1.2549,NA,NA,NA,NA,4.2319
271,1991,E,2,309,1.2658,1.4716,1.2347,NA,NA,NA,NA,3.9721
272,1991,E,2,309,1.188,1.5318,1.3115,NA,NA,NA,NA,4.0313
274,1991,E,2,299,1.1646,1.6705,1.2095,NA,NA,NA,NA,4.0446
294,1991,E,2,314,1.3297,1.6335,1.016,NA,NA,NA,NA,3.9792
295,1991,E,2,330,1.4836,1.5238,1.2947,NA,NA,NA,NA,4.3021
296,1991,E,2,352,1.2423,1.7381,1.2686,NA,NA,NA,NA,4.249
297,1991,E,2,374,1.5452,1.7391,1.1011,NA,NA,NA,NA,4.3854
298,1991,E,2,387,1.7688,2.2102,1.488,NA,NA,NA,NA,5.467
299,1991,E,2,352,1.6102,2.1442,1.314,NA,NA,NA,NA,5.0684
300,1991,E,2,371,1.5984,1.9679,1.2904,NA,NA,NA,NA,4.8567
35,1992,C,2,295,1.5695,1.9878,0.1468,NA,NA,NA,NA,3.7041
36,1992,C,2,321,1.9108,1.7348,0.845,NA,NA,NA,NA,4.4906
37,1992,C,2,321,2.1132,1.7615,0.8717,NA,NA,NA,NA,4.7464
38,1992,C,2,339,1.8512,1.6862,0.7948,NA,NA,NA,NA,4.3322
39,1992,C,2,339,1.9989,2.183,0.5848,NA,NA,NA,NA,4.7667
40,1992,C,2,370,2.0429,1.89,0.7371,NA,NA,NA,NA,4.67
41,1992,C,2,356,2.0387,1.7176,0.7682,NA,NA,NA,NA,4.5245
42,1992,C,2,356,2.0222,1.6264,0.8455,NA,NA,NA,NA,4.4941
43,1992,C,2,292,1.7416,2.1033,0.2621,NA,NA,NA,NA,4.107
44,1992,C,2,292,1.7643,1.9779,0.3789,NA,NA,NA,NA,4.1211
45,1992,C,2,339,1.8137,1.7819,0.7316,NA,NA,NA,NA,4.3272
46,1992,C,2,339,1.7763,1.7181,0.6327,NA,NA,NA,NA,4.1271
47,1992,C,2,310,1.9429,1.7851,0.8003,NA,NA,NA,NA,4.5283
48,1992,C,2,310,1.9198,1.821,0.7161,NA,NA,NA,NA,4.4569
49,1992,C,2,311,2.0717,2.1285,0.1302,NA,NA,NA,NA,4.3304
50,1992,C,2,292,1.7042,1.8206,0.0885,NA,NA,NA,NA,3.6133
51,1992,C,2,292,1.8729,2.0936,0.0951,NA,NA,NA,NA,4.0616
52,1992,C,2,280,1.8006,1.8542,0.2155,NA,NA,NA,NA,3.8703
53,1992,C,2,275,1.6161,1.9038,0.271,NA,NA,NA,NA,3.7909
54,1992,C,2,346,1.941,1.6483,0.7404,NA,NA,NA,NA,4.3297
55,1992,C,2,346,2.033,1.6776,0.7715,NA,NA,NA,NA,4.4821
56,1992,C,2,295,1.774,1.9882,0.2222,NA,NA,NA,NA,3.9844
57,1992,C,2,320,1.9546,2.0022,0.3593,NA,NA,NA,NA,4.3161
58,1992,C,2,320,2.0554,2.119,0.4151,NA,NA,NA,NA,4.5895
59,1992,C,2,264,1.7178,1.8703,0.187,NA,NA,NA,NA,3.7751
60,1992,C,2,351,2.2602,2.0811,0.8869,NA,NA,NA,NA,5.2282
61,1992,C,2,344,2.2647,1.9803,0.8329,NA,NA,NA,NA,5.0779
62,1992,C,2,344,2.3665,2.0188,0.9309,NA,NA,NA,NA,5.3162
63,1992,C,2,333,1.7781,1.703,0.6693,NA,NA,NA,NA,4.1504
64,1992,C,2,333,1.5763,1.6547,0.66,NA,NA,NA,NA,3.891
73,1992,E,2,353,1.8901,2.7344,0.0124,NA,NA,NA,NA,4.6369
74,1992,E,2,353,1.7893,1.8623,0.8115,NA,NA,NA,NA,4.4631
90,1992,E,2,335,1.5529,2.3339,1.0005,NA,NA,NA,NA,4.8873
91,1992,E,2,335,1.6444,2.4008,0.9316,NA,NA,NA,NA,4.9768
92,1992,E,2,328,2.0076,1.8261,0.7756,NA,NA,NA,NA,4.6093
93,1992,E,2,328,2.0705,1.9417,0.8012,NA,NA,NA,NA,4.8134
94,1992,E,2,370,2.0548,2.153,1.0209,NA,NA,NA,NA,5.2287
95,1992,E,2,370,1.9545,2.0151,0.9299,NA,NA,NA,NA,4.8995
96,1992,E,2,340,2.0917,2.0791,0.8143,NA,NA,NA,NA,4.9851
97,1992,E,2,340,2.1084,2.1158,0.8042,NA,NA,NA,NA,5.0284
98,1992,E,2,350,1.9354,1.8195,0.685,NA,NA,NA,NA,4.4399
99,1992,E,2,350,2.0692,1.8898,0.7413,NA,NA,NA,NA,4.7003
100,1992,E,2,341,2.0037,1.8866,0.8843,NA,NA,NA,NA,4.7746
101,1992,E,2,341,1.9866,1.9754,0.9672,NA,NA,NA,NA,4.9292
102,1992,E,2,319,1.4987,1.8144,0.8406,NA,NA,NA,NA,4.1537
103,1992,E,2,319,1.5754,1.9939,0.9842,NA,NA,NA,NA,4.5535
104,1992,E,2,335,1.857,1.9005,1.0328,NA,NA,NA,NA,4.7903
105,1992,E,2,335,1.7959,1.8686,0.9659,NA,NA,NA,NA,4.6304
106,1992,E,2,320,1.4932,1.7,0.8248,NA,NA,NA,NA,4.018
107,1992,E,2,320,1.6245,1.8948,0.8648,NA,NA,NA,NA,4.3841
108,1992,E,2,336,1.5695,1.9527,0.9796,NA,NA,NA,NA,4.5018
109,1992,E,2,336,1.6021,1.9987,0.9935,NA,NA,NA,NA,4.5943
110,1992,E,2,341,1.7322,1.9419,0.8168,NA,NA,NA,NA,4.4909
111,1992,E,2,341,1.6193,2.0734,0.6823,NA,NA,NA,NA,4.375
112,1992,E,2,350,1.737,1.9419,0.8971,NA,NA,NA,NA,4.576
113,1992,E,2,350,1.7467,1.8601,0.8731,NA,NA,NA,NA,4.4799
114,1992,E,2,340,1.6174,1.977,0.9063,NA,NA,NA,NA,4.5007
115,1992,E,2,340,1.7602,2.0078,0.8745,NA,NA,NA,NA,4.6425
116,1992,E,2,319,1.8116,2.3356,0.7472,NA,NA,NA,NA,4.8944
117,1992,E,2,319,1.8263,2.3013,0.8574,NA,NA,NA,NA,4.985
118,1992,E,2,320,1.9502,1.6773,0.7791,NA,NA,NA,NA,4.4066
119,1992,E,2,320,1.9657,1.784,0.7101,NA,NA,NA,NA,4.4598
120,1992,E,2,340,1.7801,2.0505,0.9662,NA,NA,NA,NA,4.7968
121,1992,E,2,340,1.8498,2.1007,0.9187,NA,NA,NA,NA,4.8692
122,1992,E,2,359,2.0532,2.0716,0.8648,NA,NA,NA,NA,4.9896
123,1992,E,2,359,2.0289,2.0364,0.9071,NA,NA,NA,NA,4.9724
124,1992,E,2,298,1.5226,1.8828,0.8244,NA,NA,NA,NA,4.2298
125,1992,E,2,298,1.5583,1.8822,0.8309,NA,NA,NA,NA,4.2714
126,1992,E,2,370,1.8391,1.9857,0.8088,NA,NA,NA,NA,4.6336
127,1992,E,2,370,1.7844,1.837,0.9776,NA,NA,NA,NA,4.599
128,1992,E,2,346,2.0333,2.0672,0.8994,NA,NA,NA,NA,4.9999
129,1992,E,2,346,1.8808,1.8313,0.8684,NA,NA,NA,NA,4.5805
1697,1993,C,2,359,2.2786,1.5682,1.1187,NA,NA,NA,NA,4.9655
1703,1993,C,2,322,2.4221,1.2657,0.9117,NA,NA,NA,NA,4.5995
1714,1993,C,2,335,1.7858,1.231,0.9953,NA,NA,NA,NA,4.0121
1717,1993,C,2,328,1.9851,1.2205,0.8968,NA,NA,NA,NA,4.1024
1719,1993,C,2,341,2.1834,1.3152,1.0013,NA,NA,NA,NA,4.4999
1723,1993,C,2,351,1.5961,1.3122,1.1864,NA,NA,NA,NA,4.0947
1724,1993,C,2,345,2.0502,1.2552,1.0712,NA,NA,NA,NA,4.3766
1725,1993,C,2,342,2.0507,1.2531,0.9947,NA,NA,NA,NA,4.2985
1727,1993,C,2,339,1.9618,1.2911,1.0249,NA,NA,NA,NA,4.2778
1732,1993,C,2,312,1.8326,1.2052,0.9685,NA,NA,NA,NA,4.0063
1736,1993,C,2,362,2.2861,1.3043,1.0361,NA,NA,NA,NA,4.6265
1737,1993,C,2,321,1.8458,1.3717,1.0707,NA,NA,NA,NA,4.2882
1745,1993,C,2,338,2.0081,1.3534,1.0876,NA,NA,NA,NA,4.4491
1746,1993,C,2,339,2.1246,1.3139,1.0966,NA,NA,NA,NA,4.5351
1747,1993,C,2,343,2.1158,1.2046,0.9996,NA,NA,NA,NA,4.32
1749,1993,C,2,357,1.8619,1.4284,1.1991,NA,NA,NA,NA,4.4894
1751,1993,C,2,347,2.0547,1.6004,1.2909,NA,NA,NA,NA,4.946
1662,1993,E,2,310,1.8149,1.2192,0.8796,NA,NA,NA,NA,3.9137
1663,1993,E,2,336,2.0558,1.1974,1.0978,NA,NA,NA,NA,4.351
1664,1993,E,2,350,2.4688,1.2568,1.1336,NA,NA,NA,NA,4.8592
1666,1993,E,2,310,1.9737,1.2633,0.9966,NA,NA,NA,NA,4.2336
1667,1993,E,2,340,2.2964,0.9592,1.1782,NA,NA,NA,NA,4.4338
1668,1993,E,2,355,1.9247,1.2473,1.0215,NA,NA,NA,NA,4.1935
1669,1993,E,2,342,2.3773,1.5244,1.039,NA,NA,NA,NA,4.9407
1670,1993,E,2,325,2.0243,1.3711,1.0262,NA,NA,NA,NA,4.4216
1671,1993,E,2,338,2.2365,1.1546,0.997,NA,NA,NA,NA,4.3881
1672,1993,E,2,355,1.9623,1.2688,0.9449,NA,NA,NA,NA,4.176
1674,1993,E,2,352,2.1069,1.3637,1.0408,NA,NA,NA,NA,4.5114
1675,1993,E,2,355,2.0769,1.4757,1.1852,NA,NA,NA,NA,4.7378
1676,1993,E,2,330,2.2312,1.1049,1.1455,NA,NA,NA,NA,4.4816
1679,1993,E,2,350,2.2515,1.3666,0.9149,NA,NA,NA,NA,4.533
1680,1993,E,2,355,2.164,1.3334,1.0311,NA,NA,NA,NA,4.5285
1684,1993,E,2,335,2.1993,1.2405,0.9238,NA,NA,NA,NA,4.3636
1686,1993,E,2,328,2.2348,1.4248,0.9427,NA,NA,NA,NA,4.6023
1690,1993,E,2,330,1.9118,1.5216,0.8629,NA,NA,NA,NA,4.2963
1692,1993,E,2,330,1.89,1.2854,1.0226,NA,NA,NA,NA,4.198
1693,1993,E,2,335,2.324,1.3777,1.2618,NA,NA,NA,NA,4.9635
1695,1993,E,2,335,1.9866,1.4144,1.0759,NA,NA,NA,NA,4.4769
1659,1949,C,3,343,1.1003,1.4381,1.1927,0.6747,NA,NA,NA,4.4058
1660,1949,C,3,335,1.1548,1.5589,1.1079,0.6039,NA,NA,NA,4.4255
1561,1951,C,3,300,1.4315,0.8943,0.4172,0.5914,NA,NA,NA,3.3344
1562,1951,C,3,302,1.5432,0.9622,0.6439,0.614,NA,NA,NA,3.7633
1575,1951,C,3,312,1.1615,1.3075,0.7411,0.49,NA,NA,NA,3.7001
1494,1953,C,3,287,0.9681,1.4429,1.1224,0.2501,NA,NA,NA,3.7835
1495,1953,C,3,307,1.0478,1.3073,0.9605,0.2012,NA,NA,NA,3.5168
1510,1953,C,3,312,1.118,1.4099,1.038,0.3396,NA,NA,NA,3.9055
1451,1954,C,3,284,0.9929,1.3462,0.681,0.4844,NA,NA,NA,3.5045
1467,1954,C,3,325,1.3902,1.2325,0.8706,0.7451,NA,NA,NA,4.2384
1427,1955,C,3,307,1.2102,1.0144,1.0096,0.4495,NA,NA,NA,3.6837
1444,1955,C,3,274,0.9408,0.6751,0.6117,0.3214,NA,NA,NA,2.549
1445,1955,C,3,295,1.2353,0.562,1.0201,0.5366,NA,NA,NA,3.354
1446,1955,C,3,305,1.0275,0.9846,0.7789,0.5586,NA,NA,NA,3.3496
1447,1955,C,3,310,1.0074,0.9483,1.0922,0.669,NA,NA,NA,3.7169
1388,1956,C,3,333,1.2653,1.2814,0.9152,0.5001,NA,NA,NA,3.962
1398,1956,C,3,348,1.7163,1.4476,0.7545,0.6488,NA,NA,NA,4.5672
1350,1957,C,3,366,0.8985,0.9537,0.606,0.295,NA,NA,NA,2.7532
1351,1957,C,3,353,0.9361,0.9628,0.4603,0.4089,NA,NA,NA,2.7681
1355,1957,C,3,366,0.7536,0.9835,0.6908,0.4927,NA,NA,NA,2.9206
1358,1957,C,3,310,0.8518,1.0107,0.9017,0.6345,NA,NA,NA,3.3987
1359,1957,C,3,302,0.5487,0.9171,0.6771,0.2974,NA,NA,NA,2.4403
1360,1957,C,3,295,0.6237,0.7867,0.5065,0.4967,NA,NA,NA,2.4136
1362,1957,C,3,307,0.8627,0.9775,0.9601,0.6664,NA,NA,NA,3.4667
1371,1957,C,3,284,1.2349,0.3481,0.9357,0.6532,NA,NA,NA,3.1719
1372,1957,C,3,307,0.6683,1.0499,0.4283,0.3704,NA,NA,NA,2.5169
1373,1957,C,3,320,1.2986,1.2459,0.9185,0.3895,NA,NA,NA,3.8525
1374,1957,C,3,333,1.1096,1.1297,0.9242,0.4447,NA,NA,NA,3.6082
1375,1957,C,3,333,1.0505,1.3672,0.9712,0.4913,NA,NA,NA,3.8802
1376,1957,C,3,328,1.1598,1.4285,1.0698,0.5051,NA,NA,NA,4.1632
1377,1957,C,3,310,0.9067,1.1191,0.9981,0.4623,NA,NA,NA,3.4862
1378,1957,C,3,312,0.8285,1.207,0.8302,0.7127,NA,NA,NA,3.5784
1379,1957,C,3,315,1.4321,1.2623,0.9427,0.4421,NA,NA,NA,4.0792
1380,1957,C,3,307,0.5028,0.6267,0.3012,0.2219,NA,NA,NA,1.6526
1287,1959,C,3,320,1.2246,1.2306,1.0709,0.0157,NA,NA,NA,3.5418
1308,1959,C,3,262,1.1282,1.2317,0.3492,0.1317,NA,NA,NA,2.8408
1192,1961,C,3,318,0.6747,1.1691,1.4258,0.5916,NA,NA,NA,3.8612
1146,1962,C,3,338,1.1707,1.3634,1.3903,0.2439,NA,NA,NA,4.1683
1168,1962,C,3,310,0.7318,1.4444,1.22,0.2226,NA,NA,NA,3.6188
1169,1962,C,3,310,0.8782,1.8571,1.1514,0.3148,NA,NA,NA,4.2015
1101,1963,C,3,307,1.2766,1.3408,0.884,0.0567,NA,NA,NA,3.5581
1127,1963,C,3,328,1.3479,1.4887,0.9042,0.0997,NA,NA,NA,3.8405
1135,1963,C,3,292,1.1842,0.7342,0.8515,0.4152,NA,NA,NA,3.1851
1072,1964,C,3,284,1.1243,0.9098,0.4275,0.5865,NA,NA,NA,3.0481
1079,1964,C,3,340,1.536,0.8865,0.6788,0.8106,NA,NA,NA,3.9119
1081,1964,C,3,353,1.7165,1.1654,0.739,0.6733,NA,NA,NA,4.2942
1087,1964,C,3,328,1.2602,0.9774,1.0132,0.9128,NA,NA,NA,4.1636
1088,1964,C,3,320,1.5029,1.0201,0.5629,0.8451,NA,NA,NA,3.931
1089,1964,C,3,318,1.6055,1.0147,0.5293,0.8289,NA,NA,NA,3.9784
1091,1964,C,3,318,1.3356,0.9826,0.7723,0.8844,NA,NA,NA,3.9749
1092,1964,C,3,297,1.4395,0.5892,0.5099,0.9633,NA,NA,NA,3.5019
1093,1964,C,3,323,1.3587,1.0955,0.7444,0.8661,NA,NA,NA,4.0647
1051,1965,C,3,295,0.9083,1.1365,1.3134,0.1712,NA,NA,NA,3.5294
1061,1965,C,3,287,1.307,0.7503,1.3563,0.1412,NA,NA,NA,3.5548
1013,1966,C,3,282,0.6515,0.967,0.5612,0.9523,NA,NA,NA,3.132
1014,1966,C,3,277,0.9089,0.9905,0.8245,0.6179,NA,NA,NA,3.3418
1024,1966,C,3,277,0.9736,1.1069,0.6699,0.7152,NA,NA,NA,3.4656
940,1969,C,3,302,1.6005,0.9268,0.507,0.1567,NA,NA,NA,3.191
947,1969,C,3,315,1.2505,0.8881,0.7347,0.4081,NA,NA,NA,3.2814
951,1969,C,3,330,1.8742,0.9395,0.4822,0.4145,NA,NA,NA,3.7104
959,1969,C,3,328,1.3752,1.3063,0.678,0.322,NA,NA,NA,3.6815
892,1971,E,3,343,0.4723,1.5041,1.4157,0.005,NA,NA,NA,3.3971
899,1971,E,3,318,0.6693,1.2115,1.2109,0.0081,NA,NA,NA,3.0998
864,1972,E,3,368,1.0617,1.8969,0.8311,0.0958,NA,NA,NA,3.8855
821,1973,E,3,295,0.846,1.3082,0.6623,0.1834,NA,NA,NA,2.9999
825,1973,E,3,249,1.7854,0.8003,0.053,0.0067,NA,NA,NA,2.6454
717,1977,E,3,292,1.1973,1.2015,1.0468,0.0137,NA,NA,NA,3.4593
718,1977,E,3,297,1.4064,1.2355,0.8038,0.0244,NA,NA,NA,3.4701
700,1979,E,3,343,1.1146,1.2645,0.8755,0.002,NA,NA,NA,3.2566
713,1979,E,3,343,1.1479,1.8632,1.1065,0.0359,NA,NA,NA,4.1535
646,1980,E,3,333,0.7749,1.0144,0.7815,0.2208,NA,NA,NA,2.7916
647,1980,E,3,363,0.6563,1.0052,0.8074,0.1695,NA,NA,NA,2.6384
648,1980,E,3,361,1.374,1.4421,1.2161,0.1571,NA,NA,NA,4.1893
673,1980,E,3,399,0.9264,1.4548,1.1603,0.4317,NA,NA,NA,3.9732
679,1980,E,3,361,0.7081,1.0406,0.9719,0.3749,NA,NA,NA,3.0955
680,1980,E,3,361,1.4778,1.7174,1.4235,0.3574,NA,NA,NA,4.9761
613,1983,E,3,332,1.0755,1.034,0.8949,0.7856,NA,NA,NA,3.79
615,1983,E,3,345,1.0239,1.1604,1.0506,0.9489,NA,NA,NA,4.1838
616,1983,E,3,350,1.1248,1.4596,0.5011,1.4009,NA,NA,NA,4.4864
618,1983,E,3,355,1.5208,0.8965,0.6798,0.6311,NA,NA,NA,3.7282
584,1985,E,3,356,1.1357,1.8191,1.3355,0.5653,NA,NA,NA,4.8556
588,1985,E,3,356,1.2128,1.754,1.2504,0.4645,NA,NA,NA,4.6817
597,1985,E,3,335,0.7409,1.6516,1.3071,0.5386,NA,NA,NA,4.2382
550,1986,E,3,394,1.4499,1.551,0.7933,0.5977,NA,NA,NA,4.3919
471,1987,C,3,364,1.1619,1.3189,1.2118,0.4049,NA,NA,NA,4.0975
472,1987,C,3,325,1.3337,1.4269,1.1361,0.5958,NA,NA,NA,4.4925
474,1987,C,3,420,1.1158,1.6287,1.3866,0.9158,NA,NA,NA,5.0469
475,1987,C,3,366,1.2222,1.3254,1.1426,0.015,NA,NA,NA,3.7052
477,1987,C,3,368,1.5524,1.5971,1.2858,0.6385,NA,NA,NA,5.0738
479,1987,C,3,325,0.7281,1.227,0.9804,0.0917,NA,NA,NA,3.0272
480,1987,C,3,338,1.1302,1.2685,1.3102,0.0895,NA,NA,NA,3.7984
482,1987,C,3,364,1.2666,1.5958,1.3906,0.7227,NA,NA,NA,4.9757
483,1987,C,3,335,0.9755,1.2595,0.8182,0.1088,NA,NA,NA,3.162
484,1987,C,3,326,1.0553,1.191,0.7821,0.0979,NA,NA,NA,3.1263
486,1987,C,3,335,0.8728,1.3571,1.3159,0.7153,NA,NA,NA,4.2611
490,1987,C,3,375,1.3382,1.654,0.9895,0.6733,NA,NA,NA,4.655
491,1987,C,3,386,1.9619,1.632,1.2466,0.7195,NA,NA,NA,5.56
492,1987,C,3,370,1.6326,1.7767,1.2228,0.9689,NA,NA,NA,5.601
494,1987,C,3,340,1.0783,1.3539,1.2803,0.8727,NA,NA,NA,4.5852
495,1987,C,3,346,1.5235,1.4272,1.1605,0.8065,NA,NA,NA,4.9177
496,1987,C,3,367,1.3875,1.5992,0.9144,0.4391,NA,NA,NA,4.3402
498,1987,C,3,370,1.2119,1.532,1.2692,0.7738,NA,NA,NA,4.7869
499,1987,C,3,395,1.2572,1.3637,1.0989,0.9692,NA,NA,NA,4.689
500,1987,C,3,417,1.454,1.5415,1.3155,1.1863,NA,NA,NA,5.4973
503,1987,C,3,373,1.366,1.553,1.3035,0.839,NA,NA,NA,5.0615
506,1987,E,3,314,1.14,1.6922,1.095,0.4444,NA,NA,NA,4.3716
509,1987,E,3,291,1.0901,1.358,0.9627,0.546,NA,NA,NA,3.9568
511,1987,E,3,313,1.3354,1.4367,1.0189,0.4632,NA,NA,NA,4.2542
515,1987,E,3,313,1.167,1.5511,1.2137,0.61,NA,NA,NA,4.5418
523,1987,E,3,285,0.976,1.5153,1.4046,0.6716,NA,NA,NA,4.5675
524,1987,E,3,277,0.829,1.1608,1.0222,0.7022,NA,NA,NA,3.7142
525,1987,E,3,342,1.218,1.4487,1.2863,0.6505,NA,NA,NA,4.6035
526,1987,E,3,339,1.1541,1.1783,1.2872,0.7557,NA,NA,NA,4.3753
529,1987,E,3,355,1.0308,1.4076,1.1876,0.9888,NA,NA,NA,4.6148
530,1987,E,3,272,1.7827,1.4114,0.9504,0.91,NA,NA,NA,5.0545
532,1987,E,3,271,1.2128,1.2608,1.0151,0.6938,NA,NA,NA,4.1825
533,1987,E,3,234,1.2365,1.558,1.0463,0.6606,NA,NA,NA,4.5014
534,1987,E,3,316,0.9844,1.5338,1.2932,0.7296,NA,NA,NA,4.541
535,1987,E,3,334,1.2765,1.3039,1.2229,0.5789,NA,NA,NA,4.3822
536,1987,E,3,342,1.4768,1.6239,1.2371,0.668,NA,NA,NA,5.0058
537,1987,E,3,267,1.2535,1.2952,1.332,0.8886,NA,NA,NA,4.7693
538,1987,E,3,301,1.0397,1.5556,1.2245,0.9394,NA,NA,NA,4.7592
401,1988,C,3,293,1.0395,1.1793,1.3506,0.0126,NA,NA,NA,3.582
402,1988,C,3,366,1.0448,1.7552,1.3643,0.8165,NA,NA,NA,4.9808
403,1988,C,3,384,1.0809,1.6183,1.283,0.7368,NA,NA,NA,4.719
405,1988,C,3,355,1.0999,1.5998,1.3781,0.634,NA,NA,NA,4.7118
406,1988,C,3,314,0.4819,1.1907,1.6481,0.9676,NA,NA,NA,4.2883
407,1988,C,3,382,0.8473,1.6284,1.3423,0.9865,NA,NA,NA,4.8045
408,1988,C,3,307,1.1741,1.5549,1.2025,0.0682,NA,NA,NA,3.9997
409,1988,C,3,420,1.2559,1.6625,1.3054,1.1148,NA,NA,NA,5.3386
410,1988,C,3,352,1.229,1.3981,1.1812,0.3837,NA,NA,NA,4.192
411,1988,C,3,343,0.5821,1.296,1.414,0.7707,NA,NA,NA,4.0628
412,1988,C,3,322,0.6974,1.2948,1.5189,0.5754,NA,NA,NA,4.0865
413,1988,C,3,373,1.2268,1.5258,1.1957,0.9095,NA,NA,NA,4.8578
414,1988,C,3,287,0.7028,1.2583,1.236,0.0282,NA,NA,NA,3.2253
415,1988,C,3,328,0.9787,1.5656,1.0164,0.2977,NA,NA,NA,3.8584
416,1988,C,3,385,1.2995,1.7833,1.0904,1.0182,NA,NA,NA,5.1914
417,1988,C,3,290,0.6701,1.175,1.4361,0.6398,NA,NA,NA,3.921
419,1988,C,3,382,1.29,1.3791,1.3036,1.0094,NA,NA,NA,4.9821
426,1988,C,3,315,0.9664,1.8732,1.5892,0.0379,NA,NA,NA,4.4667
427,1988,C,3,302,0.4491,1.5808,1.0081,0.3646,NA,NA,NA,3.4026
428,1988,C,3,327,0.6357,1.3035,1.3942,0.7551,NA,NA,NA,4.0885
429,1988,C,3,305,1.392,1.5484,1.0002,0.0219,NA,NA,NA,3.9625
430,1988,C,3,302,0.7775,1.3026,1.2487,0.6493,NA,NA,NA,3.9781
432,1988,C,3,372,1.4865,1.3897,1.4554,0.8295,NA,NA,NA,5.1611
433,1988,C,3,399,1.1757,1.5624,1.257,1.0346,NA,NA,NA,5.0297
434,1988,C,3,313,0.6266,1.2398,1.4243,0.9605,NA,NA,NA,4.2512
436,1988,E,3,392,1.1216,1.6516,1.2296,0.8496,NA,NA,NA,4.8524
437,1988,E,3,337,0.4359,1.1287,1.4197,0.8553,NA,NA,NA,3.8396
438,1988,E,3,323,0.5132,1.3486,1.6432,0.9727,NA,NA,NA,4.4777
440,1988,E,3,363,0.5945,1.3408,1.4229,0.898,NA,NA,NA,4.2562
441,1988,E,3,335,0.6449,1.2508,1.8137,1.0909,NA,NA,NA,4.8003
442,1988,E,3,317,0.7147,1.3575,1.6107,0.8517,NA,NA,NA,4.5346
444,1988,E,3,320,0.4494,1.2495,1.2441,0.7655,NA,NA,NA,3.7085
445,1988,E,3,344,0.4578,1.432,1.7548,0.9877,NA,NA,NA,4.6323
446,1988,E,3,315,0.5301,1.4216,1.5147,0.838,NA,NA,NA,4.3044
447,1988,E,3,346,1.0211,1.4588,1.0264,0.801,NA,NA,NA,4.3073
448,1988,E,3,360,0.7039,1.2948,1.4831,1.0243,NA,NA,NA,4.5061
449,1988,E,3,357,1.1973,1.5926,1.1846,0.7738,NA,NA,NA,4.7483
450,1988,E,3,390,1.3695,1.5412,1.1716,0.9169,NA,NA,NA,4.9992
453,1988,E,3,351,1.1187,1.8171,0.9986,0.7425,NA,NA,NA,4.6769
454,1988,E,3,371,1.006,1.5526,1.325,0.8506,NA,NA,NA,4.7342
455,1988,E,3,362,1.0559,1.6857,1.1854,0.8091,NA,NA,NA,4.7361
457,1988,E,3,300,0.411,1.0547,1.4203,1.0065,NA,NA,NA,3.8925
458,1988,E,3,381,0.4701,1.5816,1.6515,1.4804,NA,NA,NA,5.1836
460,1988,E,3,344,1.0051,1.7125,1.0407,0.9214,NA,NA,NA,4.6797
461,1988,E,3,354,1.1279,1.6143,1.538,0.9631,NA,NA,NA,5.2433
462,1988,E,3,333,1.0699,1.4985,1.1429,0.7023,NA,NA,NA,4.4136
463,1988,E,3,363,1.0612,1.6594,1.1057,0.638,NA,NA,NA,4.4643
464,1988,E,3,356,0.8941,1.5635,1.2613,0.8514,NA,NA,NA,4.5703
465,1988,E,3,323,0.6641,1.7229,1.3008,0.684,NA,NA,NA,4.3718
466,1988,E,3,335,0.6937,1.2225,1.6633,0.9779,NA,NA,NA,4.5574
468,1988,E,3,379,1.2186,1.8134,1.4537,0.9834,NA,NA,NA,5.4691
469,1988,E,3,336,0.8736,1.4782,1.2265,0.7584,NA,NA,NA,4.3367
470,1988,E,3,334,0.7832,1.6388,1.4451,0.9769,NA,NA,NA,4.844
301,1989,C,3,323,1.2284,1.7102,1.2464,0.0149,NA,NA,NA,4.1999
342,1989,C,3,305,1.1427,1.7511,1.3181,0.3497,NA,NA,NA,4.5616
364,1989,E,3,390,1.34,2.246,1.4101,0.9654,NA,NA,NA,5.9615
368,1989,E,3,345,1.107,1.7525,1.1974,0.5531,NA,NA,NA,4.61
389,1989,E,3,363,1.0983,1.7625,1.1425,0.6591,NA,NA,NA,4.6624
400,1989,E,3,345,1.2156,1.9379,1.2828,0.6153,NA,NA,NA,5.0516
10,1992,C,3,412,1.7122,1.9258,1.4418,0.699,NA,NA,NA,5.7788
11,1992,C,3,357,1.3179,1.3482,1.4216,0.0075,NA,NA,NA,4.0952
12,1992,C,3,357,1.5277,1.3363,1.2981,0.0144,NA,NA,NA,4.1765
13,1992,C,3,395,1.5763,1.9738,1.5608,0.3576,NA,NA,NA,5.4685
14,1992,C,3,395,1.5554,1.8571,1.4709,0.4333,NA,NA,NA,5.3167
15,1992,C,3,350,1.4974,1.7828,1.4518,0.0798,NA,NA,NA,4.8118
16,1992,C,3,320,1.8015,2.1707,1.3053,0.0888,NA,NA,NA,5.3663
17,1992,C,3,348,1.5354,1.6139,1.4791,0.1226,NA,NA,NA,4.751
18,1992,C,3,330,1.0608,1.6578,1.2704,0.1382,NA,NA,NA,4.1272
19,1992,C,3,330,1.1074,1.7124,1.3104,0.1165,NA,NA,NA,4.2467
20,1992,C,3,412,1.6456,1.8895,1.4861,0.7247,NA,NA,NA,5.7459
21,1992,C,3,422,1.8066,2.3249,1.5162,0.608,NA,NA,NA,6.2557
22,1992,C,3,361,1.5501,1.763,1.4218,0.1698,NA,NA,NA,4.9047
23,1992,C,3,385,1.3622,1.9,1.3585,0.3999,NA,NA,NA,5.0206
24,1992,C,3,386,1.4876,1.7546,1.4081,0.1245,NA,NA,NA,4.7748
25,1992,C,3,406,1.7845,1.9165,1.4712,0.3462,NA,NA,NA,5.5184
26,1992,C,3,370,1.1057,1.6658,1.4212,0.3187,NA,NA,NA,4.5114
27,1992,C,3,350,1.6307,1.6963,1.4058,0.3391,NA,NA,NA,5.0719
28,1992,C,3,336,1.3409,1.1966,1.5769,0.2741,NA,NA,NA,4.3885
29,1992,C,3,400,1.7838,2.1577,1.5265,0.4298,NA,NA,NA,5.8978
30,1992,C,3,316,1.4742,1.5173,1.1089,0.3746,NA,NA,NA,4.475
31,1992,C,3,400,1.3879,1.7676,1.3399,0.3031,NA,NA,NA,4.7985
32,1992,C,3,385,1.5984,1.8986,1.3397,0.2222,NA,NA,NA,5.0589
33,1992,C,3,373,1.7784,2.0738,1.6468,0.4563,NA,NA,NA,5.9553
34,1992,C,3,373,1.1812,1.5944,1.2629,0.205,NA,NA,NA,4.2435
65,1992,C,3,384,1.5618,1.4046,1.7194,0.2542,NA,NA,NA,4.94
66,1992,C,3,384,1.4994,1.5368,1.5354,0.3013,NA,NA,NA,4.8729
67,1992,C,3,329,1.3944,1.785,1.386,0.1947,NA,NA,NA,4.7601
68,1992,C,3,329,1.3619,1.7614,1.1907,0.1867,NA,NA,NA,4.5007
69,1992,E,3,428,1.6994,2.063,1.4216,0.7822,NA,NA,NA,5.9662
70,1992,E,3,428,1.6364,1.9239,1.3507,0.6465,NA,NA,NA,5.5575
71,1992,E,3,349,1.2255,1.6672,1.4382,0.3547,NA,NA,NA,4.6856
72,1992,E,3,349,1.2436,1.6665,1.4822,0.3317,NA,NA,NA,4.724
75,1992,E,3,374,1.6226,1.8073,1.5939,0.6917,NA,NA,NA,5.7155
76,1992,E,3,374,1.541,1.6069,1.703,0.455,NA,NA,NA,5.3059
77,1992,E,3,376,1.8193,1.7818,1.1378,0.5726,NA,NA,NA,5.3115
78,1992,E,3,376,1.6785,1.6209,1.2128,0.5988,NA,NA,NA,5.111
79,1992,E,3,382,1.4183,1.7194,1.5935,0.3298,NA,NA,NA,5.061
80,1992,E,3,382,1.3518,1.6311,1.5818,0.4319,NA,NA,NA,4.9966
81,1992,E,3,363,1.3744,1.7215,1.5408,0.5123,NA,NA,NA,5.149
82,1992,E,3,363,1.4575,1.6539,1.3676,0.4799,NA,NA,NA,4.9589
83,1992,E,3,367,1.778,1.772,1.4043,0.4895,NA,NA,NA,5.4438
84,1992,E,3,367,1.7674,1.7462,1.5299,0.4559,NA,NA,NA,5.4994
85,1992,E,3,360,1.3507,1.6991,1.2694,0.5682,NA,NA,NA,4.8874
86,1992,E,3,360,1.5098,1.8191,1.3943,0.646,NA,NA,NA,5.3692
87,1992,E,3,391,1.6907,1.8404,1.2275,0.4026,NA,NA,NA,5.1612
88,1992,E,3,363,1.7304,1.5004,1.1952,0.5158,NA,NA,NA,4.9418
89,1992,E,3,363,1.8205,1.4552,1.2733,0.5043,NA,NA,NA,5.0533
1696,1993,C,3,367,1.5769,1.9407,0.9352,0.5904,NA,NA,NA,5.0432
1698,1993,C,3,376,1.8457,1.806,0.7605,0.4803,NA,NA,NA,4.8925
1699,1993,C,3,382,1.9688,1.9559,0.8987,0.5976,NA,NA,NA,5.421
1701,1993,C,3,386,1.5441,2.2527,1.1287,0.7573,NA,NA,NA,5.6828
1702,1993,C,3,331,1.6005,1.3639,1.3193,0.5883,NA,NA,NA,4.872
1704,1993,C,3,375,1.5298,1.4549,0.7691,0.7011,NA,NA,NA,4.4549
1705,1993,C,3,364,1.7247,1.8938,0.8144,0.4656,NA,NA,NA,4.8985
1706,1993,C,3,389,1.7305,1.7376,1.0458,0.681,NA,NA,NA,5.1949
1707,1993,C,3,309,1.418,1.3774,0.858,0.5643,NA,NA,NA,4.2177
1709,1993,C,3,375,1.5531,1.8389,0.8895,0.7541,NA,NA,NA,5.0356
1710,1993,C,3,355,1.3082,1.7553,0.7867,0.5955,NA,NA,NA,4.4457
1711,1993,C,3,365,1.6149,1.6973,0.7689,0.5883,NA,NA,NA,4.6694
1712,1993,C,3,384,1.8182,1.9526,1.0815,0.7947,NA,NA,NA,5.647
1713,1993,C,3,378,1.5897,1.6327,0.7181,0.8233,NA,NA,NA,4.7638
1716,1993,C,3,341,1.7982,1.7653,0.7773,0.4462,NA,NA,NA,4.787
1720,1993,C,3,370,1.6913,1.6094,0.8062,0.6338,NA,NA,NA,4.7407
1721,1993,C,3,381,1.7867,2.1776,1.067,0.7787,NA,NA,NA,5.81
1722,1993,C,3,419,1.8415,1.8013,0.9684,0.8098,NA,NA,NA,5.421
1726,1993,C,3,354,1.8219,2.0094,0.7137,0.4329,NA,NA,NA,4.9779
1729,1993,C,3,388,1.8339,1.9378,0.9206,0.7116,NA,NA,NA,5.4039
1730,1993,C,3,344,1.4257,1.8722,0.9299,0.4677,NA,NA,NA,4.6955
1731,1993,C,3,339,1.6015,1.9546,0.8337,0.5699,NA,NA,NA,4.9597
1733,1993,C,3,410,1.8913,1.671,0.9632,0.7873,NA,NA,NA,5.3128
1734,1993,C,3,345,1.7007,1.8322,0.6561,0.6504,NA,NA,NA,4.8394
1735,1993,C,3,402,1.911,1.9953,0.8881,0.609,NA,NA,NA,5.4034
1738,1993,C,3,385,1.7034,1.9853,0.9893,0.8171,NA,NA,NA,5.4951
1739,1993,C,3,355,1.4187,1.9525,0.9234,0.7123,NA,NA,NA,5.0069
1740,1993,C,3,344,1.5196,1.9056,1.0382,0.5482,NA,NA,NA,5.0116
1741,1993,C,3,373,1.6928,1.9788,0.8223,0.708,NA,NA,NA,5.2019
1742,1993,C,3,340,1.5138,1.6996,0.8663,0.5343,NA,NA,NA,4.614
1744,1993,C,3,363,1.4578,1.8919,0.9911,0.4894,NA,NA,NA,4.8302
1748,1993,C,3,339,1.5368,2.0812,0.9541,0.6288,NA,NA,NA,5.2009
1750,1993,C,3,338,1.2772,1.4843,0.655,0.4432,NA,NA,NA,3.8597
1752,1993,C,3,400,1.9076,1.8666,1.0125,0.752,NA,NA,NA,5.5387
1753,1993,C,3,407,1.7357,1.9173,0.9664,0.7945,NA,NA,NA,5.4139
1754,1993,C,3,379,1.8843,1.7841,0.9275,0.6496,NA,NA,NA,5.2455
1665,1993,E,3,355,1.7557,2.0731,0.9293,0.7916,NA,NA,NA,5.5497
1673,1993,E,3,389,1.7404,2.2492,0.9191,0.7508,NA,NA,NA,5.6595
1677,1993,E,3,413,2.0532,1.9107,0.901,0.7542,NA,NA,NA,5.6191
1682,1993,E,3,464,1.7044,1.7282,0.8409,0.4106,NA,NA,NA,4.6841
1685,1993,E,3,336,1.6819,2.0451,0.7725,0.6768,NA,NA,NA,5.1763
1687,1993,E,3,385,1.5822,1.7901,0.8065,0.5158,NA,NA,NA,4.6946
1688,1993,E,3,350,1.6854,1.7228,0.8107,0.355,NA,NA,NA,4.5739
1691,1993,E,3,414,1.982,1.7184,0.9583,0.6444,NA,NA,NA,5.3031
1694,1993,E,3,366,1.5605,1.6343,0.8659,0.8113,NA,NA,NA,4.872
1651,1949,C,4,399,0.7581,1.4983,1.1139,1.1408,0.451,NA,NA,4.9621
1652,1949,C,4,376,1.0747,1.2682,1.3852,1.175,0.2244,NA,NA,5.1275
1653,1949,C,4,373,0.9019,1.2187,1.2293,0.8226,0.3585,NA,NA,4.531
1654,1949,C,4,373,1.1649,1.2734,1.1254,0.9133,0.254,NA,NA,4.731
1655,1949,C,4,371,0.6606,1.5708,1.4292,0.8583,0.3869,NA,NA,4.9058
1656,1949,C,4,371,1.1651,1.181,1.1216,0.9885,0.58,NA,NA,5.0362
1657,1949,C,4,353,1.0918,1.3149,1.0267,0.9507,0.5407,NA,NA,4.9248
1592,1950,C,4,330,0.7917,1.4795,1.1372,0.5444,0.1032,NA,NA,4.056
1593,1950,C,4,330,1,1.7391,1.1834,0.6306,0.2791,NA,NA,4.8322
1604,1950,C,4,356,0.9065,1.3686,0.9521,0.9762,0.2893,NA,NA,4.4927
1607,1950,C,4,368,1.051,1.652,1.0074,0.8151,0.2601,NA,NA,4.7856
1614,1950,C,4,345,0.9835,1.4056,1.2517,0.5085,0.5963,NA,NA,4.7456
1615,1950,C,4,363,1.1266,1.2135,1.1345,0.6703,0.2025,NA,NA,4.3474
1616,1950,C,4,363,1.1753,1.4543,1.0499,0.4963,0.1805,NA,NA,4.3563
1556,1951,C,4,335,1.542,0.9313,0.6283,0.5611,0.3297,NA,NA,3.9924
1557,1951,C,4,328,1.0427,1.2155,0.8456,0.3764,0.3816,NA,NA,3.8618
1558,1951,C,4,338,1.0696,1.2722,0.8192,0.4216,0.4475,NA,NA,4.0301
1559,1951,C,4,335,1.457,1.4592,0.6332,0.3843,0.3945,NA,NA,4.3282
1560,1951,C,4,335,1.1818,1.4149,0.6893,0.3329,0.3215,NA,NA,3.9404
1563,1951,C,4,340,0.9142,1.3046,0.9397,0.7766,0.217,NA,NA,4.1521
1564,1951,C,4,353,1.2376,1.7492,1.1057,0.4627,0.3659,NA,NA,4.9211
1565,1951,C,4,345,0.9828,1.4809,0.8567,0.3869,0.5404,NA,NA,4.2477
1566,1951,C,4,323,0.651,1.3904,1.0985,0.5682,0.2687,NA,NA,3.9768
1572,1951,C,4,315,1.1399,1.5855,0.6115,0.2765,0.4243,NA,NA,4.0377
1573,1951,C,4,315,0.6523,1.5324,0.9564,0.2913,0.3192,NA,NA,3.7516
1574,1951,C,4,305,0.5478,1.7382,0.5956,0.2529,0.4496,NA,NA,3.5841
1576,1951,C,4,323,0.6649,1.5379,0.6349,0.4855,0.4933,NA,NA,3.8165
1577,1951,C,4,323,1.1162,1.3303,0.7854,0.4661,0.2639,NA,NA,3.9619
1578,1951,C,4,318,0.7981,1.0687,0.9915,0.3943,0.3687,NA,NA,3.6213
1579,1951,C,4,318,0.6745,1.5533,0.6345,0.519,0.2202,NA,NA,3.6015
1580,1951,C,4,325,1.3448,1.3095,0.6667,0.6817,0.3273,NA,NA,4.33
1585,1951,C,4,351,1.146,1.6966,0.7426,0.3922,0.1268,NA,NA,4.1042
1452,1954,C,4,307,1.1428,1.3179,1.0459,0.3031,0.3909,NA,NA,4.2006
1455,1954,C,4,361,1.1005,1.4203,0.8688,0.4783,0.4882,NA,NA,4.3561
1462,1954,C,4,335,1.035,1.3376,1.0764,0.5,0.2772,NA,NA,4.2262
1465,1954,C,4,348,0.9635,1.1597,0.8918,0.8323,0.5925,NA,NA,4.4398
1466,1954,C,4,325,0.8021,1.1009,1.1536,0.6883,0.1742,NA,NA,3.9191
1472,1954,C,4,320,1.2037,1.1299,0.8725,0.9131,0.2332,NA,NA,4.3524
1428,1955,C,4,305,0.7795,0.6344,0.6423,0.973,0.4729,NA,NA,3.5021
1429,1955,C,4,333,1.0433,1.0559,0.6699,0.9093,0.2881,NA,NA,3.9665
1442,1955,C,4,335,0.97,1.0083,0.8551,0.6676,0.2906,NA,NA,3.7916
1448,1955,C,4,323,1.2361,0.5151,0.8228,1.1395,0.6596,NA,NA,4.3731
1449,1955,C,4,325,1.0475,1.2729,0.7853,0.5873,0.4701,NA,NA,4.1631
1382,1956,C,4,361,1.2611,0.8791,0.6425,1.0661,0.3997,NA,NA,4.2485
1384,1956,C,4,386,1.1031,1.4598,1.098,0.9318,0.4926,NA,NA,5.0853
1385,1956,C,4,376,0.9758,1.0307,0.8485,0.7613,0.5752,NA,NA,4.1915
1386,1956,C,4,366,1.1369,1.1284,0.8602,0.6208,0.565,NA,NA,4.3113
1390,1956,C,4,330,1.0186,1.5321,0.8775,0.6566,0.4315,NA,NA,4.5163
1391,1956,C,4,338,1.0286,1.4069,0.9162,0.7666,0.3541,NA,NA,4.4724
1393,1956,C,4,351,1.266,1.0308,0.4764,0.8936,0.5137,NA,NA,4.1805
1394,1956,C,4,351,1.5069,0.6498,1.0001,1.1204,0.6584,NA,NA,4.9356
1395,1956,C,4,353,1.1899,0.8434,0.9007,0.7865,0.7306,NA,NA,4.4511
1400,1956,C,4,333,1.0201,1.2441,1.0713,0.8484,0.4898,NA,NA,4.6737
1402,1956,C,4,343,1.0267,0.8905,1.1318,1.0637,0.6313,NA,NA,4.744
1403,1956,C,4,335,1.0016,1.0585,0.7447,0.673,0.349,NA,NA,3.8268
1404,1956,C,4,345,1.1971,0.9185,1.3044,1.0031,0.3061,NA,NA,4.7292
1405,1956,C,4,348,1.372,0.7364,1.1135,0.9388,0.4877,NA,NA,4.6484
1410,1956,C,4,340,1.1434,0.7692,1.3154,0.8152,0.3256,NA,NA,4.3688
1353,1957,C,4,335,0.6954,0.468,0.4827,0.7633,0.233,NA,NA,2.6424
1368,1957,C,4,335,0.6519,0.6716,0.817,0.4095,0.3002,NA,NA,2.8502
1369,1957,C,4,358,0.6569,0.7802,0.5589,0.254,0.1299,NA,NA,2.3799
1326,1958,C,4,338,1.2171,1.3295,0.8462,0.6858,0.0105,NA,NA,4.0891
1327,1958,C,4,338,1.2715,1.254,0.4557,0.6916,0.0081,NA,NA,3.6809
1334,1958,C,4,328,1.273,1.3702,1.0949,0.6919,0.0122,NA,NA,4.4422
1280,1959,C,4,295,1.1172,0.8861,1.0034,0.4789,0.0954,NA,NA,3.581
1286,1959,C,4,315,0.9573,1.2723,0.8254,0.4932,0.1846,NA,NA,3.7328
1288,1959,C,4,300,1.0489,1.127,1.1468,0.2413,0.0173,NA,NA,3.5813
1290,1959,C,4,335,1.2409,1.0965,0.9902,0.3747,0.032,NA,NA,3.7343
1296,1959,C,4,325,0.6425,1.0133,0.8317,0.6234,0.0314,NA,NA,3.1423
1297,1959,C,4,338,1.2702,1.3124,0.7781,0.7694,0.0899,NA,NA,4.22
1299,1959,C,4,312,1.301,1.0684,1.1287,0.348,0.0896,NA,NA,3.9357
1300,1959,C,4,328,1.3049,1.121,1.1424,0.4332,0.1118,NA,NA,4.1133
1301,1959,C,4,345,1.0316,1.0846,1.222,0.8514,0.0622,NA,NA,4.2518
1302,1959,C,4,343,0.9436,1.2993,1.0728,0.5816,0.0854,NA,NA,3.9827
1304,1959,C,4,358,1.0711,1.2278,1.2718,0.937,0.0304,NA,NA,4.5381
1305,1959,C,4,353,1.1007,1.472,1.0162,0.7971,0.059,NA,NA,4.445
1306,1959,C,4,307,1.1556,0.8591,1.0663,0.2292,0.0339,NA,NA,3.3441
1307,1959,C,4,300,1.5136,1.0417,1.0001,0.1963,0.012,NA,NA,3.7637
1310,1959,C,4,297,1.2444,0.9437,0.9249,0.3329,0.0755,NA,NA,3.5214
1208,1960,C,4,330,0.8693,0.8108,1.1045,0.3257,0.3216,NA,NA,3.4319
1220,1960,C,4,351,1.0175,1.2616,0.7576,0.4694,0.4192,NA,NA,3.9253
1225,1960,C,4,366,0.9722,1.5373,0.912,0.8015,0.2274,NA,NA,4.4504
1231,1960,C,4,292,0.6985,1.0866,0.7117,0.478,0.6017,NA,NA,3.5765
1234,1960,C,4,348,1.0588,1.2408,0.927,0.562,0.3095,NA,NA,4.0981
1237,1960,C,4,318,1.2006,1.1912,0.5424,0.2138,0.5287,NA,NA,3.6767
1238,1960,C,4,325,0.9973,1.5078,0.6351,0.4975,0.5214,NA,NA,4.1591
1176,1961,C,4,335,0.6551,0.6517,1.1383,0.8788,0.5539,NA,NA,3.8778
1178,1961,C,4,305,0.8167,1.0173,0.4087,1.1488,0.3997,NA,NA,3.7912
1183,1961,C,4,373,0.777,0.5558,1.1218,1.2383,0.5146,NA,NA,4.2075
1194,1961,C,4,315,0.7212,0.7347,1.3466,0.6183,0.5177,NA,NA,3.9385
1197,1961,C,4,378,1.0617,0.5705,1.0731,0.8898,0.4358,NA,NA,4.0309
1145,1962,C,4,381,1.1149,1.1296,0.998,0.8831,0.1317,NA,NA,4.2573
1109,1963,C,4,353,1.2401,1.4006,1.1232,0.5268,0.0417,NA,NA,4.3324
1114,1963,C,4,330,1.3846,1.5794,0.644,0.1933,0.011,NA,NA,3.8123
1118,1963,C,4,351,1.4459,1.5259,0.7375,0.4125,0.0299,NA,NA,4.1517
1130,1963,C,4,340,0.887,1.7762,1.1015,0.2368,0.078,NA,NA,4.0795
1131,1963,C,4,330,1.6476,1.5597,0.8205,0.1896,0.0731,NA,NA,4.2905
1066,1964,C,4,391,1.1213,1.9413,1.0298,0.4467,0.5116,NA,NA,5.0507
1067,1964,C,4,378,1.061,1.445,0.6693,0.519,0.4955,NA,NA,4.1898
1068,1964,C,4,368,1.3847,1.7053,0.96,0.3443,0.607,NA,NA,5.0013
1074,1964,C,4,328,1.2697,1.2831,0.8743,0.221,0.3303,NA,NA,3.9784
1076,1964,C,4,386,1.1666,1.2548,0.835,0.3907,0.5385,NA,NA,4.1856
1077,1964,C,4,417,1.5673,1.5814,0.9011,0.4444,0.5249,NA,NA,5.0191
1080,1964,C,4,363,1.3246,1.0074,0.9348,0.5491,0.5619,NA,NA,4.3778
1082,1964,C,4,356,1.2354,1.6613,0.9355,0.7277,0.5095,NA,NA,5.0694
1083,1964,C,4,406,1.5872,1.3806,0.9742,0.7384,0.5446,NA,NA,5.225
1084,1964,C,4,366,0.9829,1.6124,0.8553,0.4455,0.4331,NA,NA,4.3292
1095,1964,C,4,391,1.5145,1.6022,0.7493,0.2599,0.4557,NA,NA,4.5816
1097,1964,C,4,366,1.4869,1.6147,0.7435,0.2761,0.4636,NA,NA,4.5848
1098,1964,C,4,338,1.1335,1.5625,1.1158,0.4904,0.4375,NA,NA,4.7397
1099,1964,C,4,315,1.7781,1.0914,0.2242,0.6332,0.7634,NA,NA,4.4903
1033,1965,C,4,292,1.0265,0.5275,0.4293,1.0599,0.1392,NA,NA,3.1824
1034,1965,C,4,343,1.4383,0.9618,0.443,0.9183,0.1653,NA,NA,3.9267
1036,1965,C,4,363,1.216,0.8537,0.8384,0.9136,0.0885,NA,NA,3.9102
1039,1965,C,4,302,1.1455,0.5424,0.59,1.0925,0.0176,NA,NA,3.388
1040,1965,C,4,330,0.9153,1.143,0.5856,1.2694,0.1245,NA,NA,4.0378
1048,1965,C,4,381,1.7216,1.0102,0.5952,1.1587,0.2095,NA,NA,4.6952
1052,1965,C,4,340,1.5482,0.8208,0.4549,1.1497,0.2144,NA,NA,4.188
1053,1965,C,4,287,0.6544,0.5436,0.7036,0.9333,0.2458,NA,NA,3.0807
1058,1965,C,4,378,1.5271,0.9712,0.8297,1.2577,0.2879,NA,NA,4.8736
1059,1965,C,4,356,1.1391,1.3007,1.0499,1.0683,0.0665,NA,NA,4.6245
1062,1965,C,4,315,1.3774,0.5125,0.8369,0.6307,0.0458,NA,NA,3.4033
1063,1965,C,4,320,1.3945,0.8066,0.464,1.0702,0.11,NA,NA,3.8453
1064,1965,C,4,348,1.5615,1.0307,0.447,1.3315,0.1603,NA,NA,4.531
1065,1965,C,4,330,1.0276,1.127,0.3581,1.3754,0.2903,NA,NA,4.1784
1017,1966,C,4,312,0.9383,0.6764,1.2983,0.3659,0.3743,NA,NA,3.6532
1021,1966,C,4,300,0.9806,0.5524,1.0369,0.6186,0.3284,NA,NA,3.5169
1023,1966,C,4,320,1.4392,0.9401,0.6646,0.5092,0.4597,NA,NA,4.0128
1027,1966,C,4,310,1.1413,0.4451,0.9548,0.582,0.2562,NA,NA,3.3794
1028,1966,C,4,320,0.894,1.0977,1.2396,0.3956,0.4289,NA,NA,4.0558
1029,1966,C,4,320,1.0956,1.0419,0.7411,0.6363,0.102,NA,NA,3.6169
1243,1967,C,4,371,0.7194,1.4872,0.6051,1.2113,0.3381,NA,NA,4.3611
1248,1967,C,4,363,1.2197,1.2564,0.5972,1.2444,0.3041,NA,NA,4.6218
1249,1967,C,4,371,0.9186,1.2081,0.6508,1.048,0.3398,NA,NA,4.1653
1252,1967,C,4,333,0.7858,1.0859,0.6743,1.2505,0.4794,NA,NA,4.2759
1253,1967,C,4,376,0.8852,1.5576,0.9888,1.3463,0.4133,NA,NA,5.1912
1255,1967,C,4,378,1.1346,1.5299,0.563,1.2888,0.5219,NA,NA,5.0382
1264,1967,C,4,345,1.0355,1.2029,0.558,1.0805,0.3371,NA,NA,4.214
1266,1967,C,4,330,1.0305,1.0234,0.3235,1.2797,0.4493,NA,NA,4.1064
1267,1967,C,4,345,0.734,1.0134,0.6346,1.2115,0.3466,NA,NA,3.9401
1274,1967,C,4,325,0.9472,1.2444,0.7427,0.9478,0.2371,NA,NA,4.1192
961,1968,C,4,343,0.6739,1.0316,1.3733,0.6572,0.0716,NA,NA,3.8076
962,1968,C,4,343,1.1601,0.6655,1.562,0.488,0.0709,NA,NA,3.9465
968,1968,C,4,338,0.7787,0.4169,1.962,0.6883,0.0813,NA,NA,3.9272
969,1968,C,4,335,0.9662,1.0462,1.44,0.5115,0.1462,NA,NA,4.1101
971,1968,C,4,335,0.8647,0.9987,1.4968,0.8313,0.0591,NA,NA,4.2506
973,1968,C,4,333,0.8679,0.8737,1.5526,0.7048,0.0672,NA,NA,4.0662
974,1968,C,4,333,0.9858,0.3343,1.8123,0.6593,0.0915,NA,NA,3.8832
948,1969,C,4,345,0.7236,1.0997,0.5435,0.2537,0.1254,NA,NA,2.7459
950,1969,C,4,315,0.6056,1.2189,0.3435,0.2156,0.1654,NA,NA,2.549
957,1969,C,4,340,0.9884,1.7784,0.8965,0.3296,0.2486,NA,NA,4.2415
958,1969,C,4,328,0.7895,1.7422,0.7624,0.7916,0.2034,NA,NA,4.2891
960,1969,C,4,328,1.4571,1.3722,0.2934,0.4605,0.4441,NA,NA,4.0273
896,1971,E,4,343,1.0152,0.7387,0.9235,0.7083,0.0092,NA,NA,3.3949
897,1971,E,4,356,0.8394,0.5877,0.9835,0.7934,0.0081,NA,NA,3.2121
898,1971,E,4,325,0.523,0.6663,1.0796,0.8041,0.0032,NA,NA,3.0762
901,1971,E,4,325,0.6113,0.6455,1.1849,0.6194,0.0094,NA,NA,3.0705
916,1971,E,4,325,0.4451,0.6615,0.7838,0.6876,0.0144,NA,NA,2.5924
918,1971,E,4,361,0.8783,0.9236,1.1055,1.0618,0.0107,NA,NA,3.9799
856,1972,E,4,340,0.52,1.158,1.26,0.4677,0.0585,NA,NA,3.4642
858,1972,E,4,335,0.6788,1.16,1.1608,0.3795,0.0093,NA,NA,3.3884
859,1972,E,4,351,0.3983,1.328,1.2242,0.2926,0.008,NA,NA,3.2511
862,1972,E,4,376,0.6661,1.5453,1.3947,0.5475,0.0031,NA,NA,4.1567
868,1972,E,4,356,0.6059,1.1355,1.3483,0.4791,0.0137,NA,NA,3.5825
871,1972,E,4,356,1.2618,1.1402,1.3929,0.4107,0.0734,NA,NA,4.279
873,1972,E,4,368,0.7049,1.7452,1.5506,0.6156,0.046,NA,NA,4.6623
876,1972,E,4,302,0.4915,1.2908,1.1209,0.4336,0.0081,NA,NA,3.3449
877,1972,E,4,312,0.4795,1.1657,0.8889,0.4782,0.0132,NA,NA,3.0255
882,1972,E,4,391,0.6745,1.4997,1.1034,0.3889,0.0919,NA,NA,3.7584
883,1972,E,4,394,0.6522,1.3418,1.3227,0.568,0.0056,NA,NA,3.8903
885,1972,E,4,396,0.4605,1.5376,1.2262,0.4733,0.0085,NA,NA,3.7061
886,1972,E,4,358,0.4482,1.6505,1.1453,0.5102,0.0181,NA,NA,3.7723
823,1973,E,4,315,0.9654,1.8733,0.5578,0.0813,0.0056,NA,NA,3.4834
824,1973,E,4,267,1.7386,1.0174,0.321,0.1119,0.0056,NA,NA,3.1945
826,1973,E,4,246,1.7862,0.563,0.2794,0.1332,0.0094,NA,NA,2.7712
828,1973,E,4,234,0.9998,0.6031,0.3473,0.4016,0.0045,NA,NA,2.3563
829,1973,E,4,262,1.5428,0.6574,0.4049,0.2426,0.0056,NA,NA,2.8533
835,1973,E,4,315,0.936,1.2402,0.2677,0.174,0.067,NA,NA,2.6849
845,1973,E,4,330,1.1354,1.499,0.5051,0.095,0.0081,NA,NA,3.2426
849,1973,E,4,366,0.9847,1.6109,0.7531,0.1496,0.0073,NA,NA,3.5056
819,1975,E,4,277,1.1719,0.7388,0.1673,0.7553,0.0059,NA,NA,2.8392
820,1975,E,4,267,1.1048,0.6426,0.2536,0.5306,0.0212,NA,NA,2.5528
612,1983,E,4,330,1.1045,0.8733,0.6611,0.7616,0.6456,NA,NA,4.0461
614,1983,E,4,342,1.2594,0.7268,0.8099,0.7349,0.5418,NA,NA,4.0728
617,1983,E,4,352,0.9528,1.2449,1.0677,0.4935,0.4547,NA,NA,4.2136
619,1983,E,4,357,0.6833,1.1666,0.8999,0.6828,0.3019,NA,NA,3.7345
620,1983,E,4,362,0.6881,1.183,1.0996,0.6426,0.4148,NA,NA,4.0281
621,1983,E,4,366,0.7897,1.0089,0.9872,0.6171,0.3853,NA,NA,3.7882
622,1983,E,4,372,1.2694,0.7196,0.6939,0.5283,0.6034,NA,NA,3.8146
623,1983,E,4,375,0.9935,1.3336,0.4372,0.4239,0.461,NA,NA,3.6492
624,1983,E,4,381,1.0803,1.0553,0.8404,0.6314,0.6497,NA,NA,4.2571
625,1983,E,4,385,1.0406,1.0179,0.8007,0.5462,0.5815,NA,NA,3.9869
626,1983,E,4,388,0.6097,1.3537,1.318,0.9757,0.8523,NA,NA,5.1094
627,1983,E,4,396,1.0326,0.9831,0.8205,0.6897,0.6957,NA,NA,4.2216
628,1983,E,4,405,0.7628,1.1334,1.0845,0.7844,0.8017,NA,NA,4.5668
633,1983,E,4,373,1.4328,1.7957,0.8627,0.2824,0.4933,NA,NA,4.8669
635,1983,E,4,367,0.9078,1.1097,0.8841,0.5194,0.4355,NA,NA,3.8565
638,1983,E,4,354,1.0252,0.826,0.8043,0.3847,0.6423,NA,NA,3.6825
639,1983,E,4,352,0.7039,0.7876,0.7562,0.6934,0.7825,NA,NA,3.7236
640,1983,E,4,350,0.7567,1.1297,0.9484,0.7859,0.4515,NA,NA,4.0722
641,1983,E,4,350,0.9495,0.7527,0.9018,0.655,0.5692,NA,NA,3.8282
642,1983,E,4,345,0.6505,1.2003,0.8483,0.6594,0.4562,NA,NA,3.8147
643,1983,E,4,335,0.9743,0.8183,0.6981,0.5529,0.5718,NA,NA,3.6154
644,1983,E,4,330,1.0144,0.9513,0.7707,0.4727,0.278,NA,NA,3.4871
543,1986,E,4,427,0.9596,1.6303,0.8546,0.5697,0.6791,NA,NA,4.6933
544,1986,E,4,429,0.9633,1.2095,1.0504,0.569,0.6269,NA,NA,4.4191
564,1986,E,4,409,0.7388,0.4794,1.7576,0.8172,0.8125,NA,NA,4.6055
570,1986,E,4,472,0.9196,1.6188,0.9942,0.4765,0.5112,NA,NA,4.5203
575,1986,E,4,419,1.1424,1.9235,1.1144,0.5624,0.4633,NA,NA,5.206
418,1988,C,4,416,1.1837,1.6743,1.3172,0.8411,0.5832,NA,NA,5.5995
420,1988,C,4,388,1.3522,1.5654,1.1953,0.9094,0.0114,NA,NA,5.0337
421,1988,C,4,415,1.4448,1.7956,1.2175,0.8002,0.4185,NA,NA,5.6766
422,1988,C,4,360,1.0091,1.2409,0.7259,1.0065,0.0342,NA,NA,4.0166
423,1988,C,4,394,1.0348,1.5044,1.2722,1.122,0.4657,NA,NA,5.3991
424,1988,C,4,317,1.2558,1.5005,1.0995,0.691,0.0056,NA,NA,4.5524
425,1988,C,4,410,1.6986,1.4758,1.2176,0.7825,0.4993,NA,NA,5.6738
431,1988,C,4,379,1.2296,1.3633,1.3476,1.0635,0.3988,NA,NA,5.4028
435,1988,C,4,470,1.0995,1.6807,1.3718,1.2707,0.8941,NA,NA,6.3168
439,1988,E,4,359,1.0296,1.3685,1.3504,0.8357,0.4813,NA,NA,5.0655
443,1988,E,4,380,1.1665,1.6398,1.3542,0.7145,0.4863,NA,NA,5.3613
451,1988,E,4,400,1.0772,1.3702,1.1656,1.0403,0.7755,NA,NA,5.4288
452,1988,E,4,445,1.0839,1.4365,1.229,1.2315,0.9974,NA,NA,5.9783
459,1988,E,4,347,1.2356,1.2463,0.9849,0.8439,0.551,NA,NA,4.8617
467,1988,E,4,353,1.1744,1.2435,1.0992,0.6759,0.428,NA,NA,4.621
302,1989,C,4,422,1.1126,1.6094,1.1836,1.0447,0.4733,NA,NA,5.4236
303,1989,C,4,418,1.3186,2.1559,1.3415,1.132,0.5894,NA,NA,6.5374
304,1989,C,4,389,1.0898,1.5976,1.2023,1.1588,0.2673,NA,NA,5.3158
305,1989,C,4,340,0.4892,1.1678,1.4888,1.1085,0.2079,NA,NA,4.4622
306,1989,C,4,415,1.0505,1.6994,1.0276,1.0257,0.2949,NA,NA,5.0981
307,1989,C,4,385,1.0105,1.8288,1.3167,1.0056,0.2221,NA,NA,5.3837
308,1989,C,4,395,1.0966,1.6432,1.2731,0.9528,0.0162,NA,NA,4.9819
309,1989,C,4,370,1.0457,1.4056,1.2278,0.895,0.033,NA,NA,4.6071
310,1989,C,4,410,0.8049,1.5698,1.4593,1.2925,0.1282,NA,NA,5.2547
311,1989,C,4,390,0.4731,1.483,1.461,1.0099,0.4867,NA,NA,4.9137
312,1989,C,4,351,0.9467,1.6201,1.0214,0.5599,0.042,NA,NA,4.1901
313,1989,C,4,320,0.5996,1.2849,1.6523,0.9102,0.2174,NA,NA,4.6644
314,1989,C,4,360,0.5089,1.4859,1.6441,1.0782,0.028,NA,NA,4.7451
315,1989,C,4,372,0.5149,1.4266,1.5664,1.2936,0.0218,NA,NA,4.8233
316,1989,C,4,374,1.1363,1.4453,0.9877,0.9212,0.0254,NA,NA,4.5159
317,1989,C,4,418,0.9292,1.4396,1.1721,1.035,0.3607,NA,NA,4.9366
318,1989,C,4,354,0.4593,1.3854,1.3653,0.7296,0.324,NA,NA,4.2636
320,1989,C,4,405,1.2314,1.7995,1.3807,1.2339,0.005,NA,NA,5.6505
321,1989,C,4,340,0.5148,1.5718,1.0393,0.9737,0.1257,NA,NA,4.2253
322,1989,C,4,407,0.9124,1.3444,1.278,1.1581,0.3007,NA,NA,4.9936
323,1989,C,4,342,0.665,1.3123,1.4034,0.94,0.1246,NA,NA,4.4453
324,1989,C,4,362,0.5436,1.1941,1.4644,1.0525,0.2126,NA,NA,4.4672
325,1989,C,4,362,0.5687,1.2949,1.4471,1.0966,0.2446,NA,NA,4.6519
326,1989,C,4,374,1.1196,1.5226,1.1197,0.7694,0.005,NA,NA,4.5363
327,1989,C,4,422,1.1585,1.8859,1.1905,0.9863,0.4794,NA,NA,5.7006
329,1989,C,4,385,1.2616,1.5736,1.2916,0.8237,0.0591,NA,NA,5.0096
330,1989,C,4,401,1.1357,1.9353,1.4231,1.1354,0.1146,NA,NA,5.7441
331,1989,C,4,425,1.099,1.6025,1.1065,0.9111,0.4284,NA,NA,5.1475
332,1989,C,4,324,0.5652,1.2829,1.5499,1.0844,0.0777,NA,NA,4.5601
333,1989,C,4,345,0.4792,1.3152,1.6772,1.0309,0.29,NA,NA,4.7925
334,1989,C,4,342,0.4822,1.5939,1.5731,0.9372,0.0748,NA,NA,4.6612
335,1989,C,4,358,1.1841,1.4392,0.9701,0.7075,0.2222,NA,NA,4.5231
337,1989,C,4,440,0.7613,1.3893,1.7772,1.0588,0.6592,NA,NA,5.6458
338,1989,C,4,432,0.4621,1.2735,1.7769,1.3307,0.8468,NA,NA,5.69
339,1989,C,4,389,0.5251,1.591,1.679,0.9428,0.1257,NA,NA,4.8636
340,1989,C,4,412,0.6627,1.8993,1.8619,1.4871,0.3439,NA,NA,6.2549
341,1989,C,4,375,1.5413,1.4985,1.0441,0.6969,0.3323,NA,NA,5.1131
343,1989,C,4,375,0.5357,1.4842,1.5318,1.1072,0.0152,NA,NA,4.6741
344,1989,C,4,377,0.7568,1.406,1.1507,0.9034,0.1739,NA,NA,4.3908
345,1989,C,4,416,1.2078,1.4386,1.3278,1.0385,0.448,NA,NA,5.4607
346,1989,C,4,366,0.8895,1.6014,1.4057,1.019,0.013,NA,NA,4.9286
347,1989,C,4,317,0.4319,1.0333,1.438,1.1934,0.1774,NA,NA,4.274
348,1989,C,4,423,1.0681,1.4276,0.9462,0.9239,0.335,NA,NA,4.7008
349,1989,C,4,402,1.0154,1.5702,1.2571,0.9011,0.4604,NA,NA,5.2042
350,1989,C,4,438,1.2675,1.5296,1.2501,0.9421,0.5382,NA,NA,5.5275
351,1989,E,4,437,1.0641,1.5471,1.1304,1.1161,0.742,NA,NA,5.5997
352,1989,E,4,411,0.7259,1.6576,1.6044,1.0596,0.5767,NA,NA,5.6242
353,1989,E,4,372,0.7075,1.3834,1.4315,0.8195,0.5236,NA,NA,4.8655
354,1989,E,4,390,0.5294,1.5207,1.6031,0.9334,0.5794,NA,NA,5.166
355,1989,E,4,343,0.7799,1.5106,1.2894,0.8391,0.4231,NA,NA,4.8421
356,1989,E,4,409,0.9756,1.4672,1.0307,0.6959,0.5547,NA,NA,4.7241
357,1989,E,4,437,1.1507,1.604,1.3211,0.9826,0.794,NA,NA,5.8524
358,1989,E,4,392,0.6633,1.248,1.2645,0.8483,0.4661,NA,NA,4.4902
359,1989,E,4,332,0.7601,1.3998,1.1189,0.678,0.5941,NA,NA,4.5509
360,1989,E,4,397,0.5536,1.2303,1.5513,0.9868,0.6759,NA,NA,4.9979
361,1989,E,4,425,0.6586,1.0512,0.8793,0.5567,0.4919,NA,NA,3.6377
362,1989,E,4,315,0.8445,0.711,1.1277,0.8136,0.2633,NA,NA,3.7601
363,1989,E,4,362,0.6323,1.3607,1.5076,0.9539,0.4695,NA,NA,4.924
365,1989,E,4,405,0.5669,1.3226,1.5456,1.0194,0.7967,NA,NA,5.2512
366,1989,E,4,420,0.869,1.5765,1.3547,0.91,0.6784,NA,NA,5.3886
367,1989,E,4,338,0.4323,1.1819,1.5296,1.0275,0.5483,NA,NA,4.7196
369,1989,E,4,414,0.634,1.4444,1.2947,1.1799,0.8017,NA,NA,5.3547
370,1989,E,4,335,0.4498,1.2148,1.3621,0.8973,0.4705,NA,NA,4.3945
371,1989,E,4,359,0.4952,1.1993,1.5687,1.0279,0.3367,NA,NA,4.6278
373,1989,E,4,433,0.8634,1.6506,1.2886,1.0706,0.6884,NA,NA,5.5616
374,1989,E,4,413,0.3691,1.1419,1.4387,1.0346,0.7331,NA,NA,4.7174
375,1989,E,4,425,0.4325,1.4244,1.565,1.1826,0.8219,NA,NA,5.4264
376,1989,E,4,432,0.7228,1.6387,1.3766,0.9991,0.7762,NA,NA,5.5134
377,1989,E,4,419,1.0306,1.6276,1.3288,1.0108,1.0095,NA,NA,6.0073
378,1989,E,4,433,0.9677,1.4246,1.1053,0.9741,0.5017,NA,NA,4.9734
379,1989,E,4,433,1.1516,1.3201,1.3594,0.9576,0.7441,NA,NA,5.5328
380,1989,E,4,352,0.6472,1.3729,1.2534,0.8427,0.2592,NA,NA,4.3754
381,1989,E,4,343,0.5039,1.346,1.5492,1.0021,0.4884,NA,NA,4.8896
382,1989,E,4,444,0.9359,1.437,1.1312,0.9675,0.8,NA,NA,5.2716
383,1989,E,4,393,1.0085,1.5514,1.2849,0.8129,0.6005,NA,NA,5.2582
384,1989,E,4,359,0.4911,1.1396,1.4864,0.9057,0.5481,NA,NA,4.5709
385,1989,E,4,419,0.9899,1.7075,1.2491,1.0061,0.6868,NA,NA,5.6394
386,1989,E,4,380,0.5083,1.4743,1.545,1.0452,0.5754,NA,NA,5.1482
387,1989,E,4,432,0.603,1.2279,1.4389,1.0912,0.7295,NA,NA,5.0905
388,1989,E,4,354,0.5724,1.0025,1.4654,1.1817,0.4699,NA,NA,4.6919
390,1989,E,4,359,0.5782,1.1729,1.5154,1.0266,0.1787,NA,NA,4.4718
391,1989,E,4,338,1.2714,1.4383,0.9681,0.5949,0.4707,NA,NA,4.7434
392,1989,E,4,371,0.56,0.5548,0.9253,0.5622,0.3358,NA,NA,2.9381
393,1989,E,4,372,0.5076,1.424,1.3415,1.1153,0.5405,NA,NA,4.9289
394,1989,E,4,406,0.5567,1.503,1.6732,1.1859,0.6957,NA,NA,5.6145
395,1989,E,4,376,0.6446,1.4767,1.5494,0.7776,0.3154,NA,NA,4.7637
396,1989,E,4,390,0.4178,1.3067,1.4339,0.9637,0.587,NA,NA,4.7091
397,1989,E,4,455,0.9573,1.3206,0.9815,0.7699,0.6593,NA,NA,4.6886
398,1989,E,4,363,1.0559,1.5964,0.9535,0.6565,0.5067,NA,NA,4.769
399,1989,E,4,400,0.4701,1.2477,1.6471,1.1743,0.7596,NA,NA,5.2988
1794,1990,C,4,350,1.5221,1.3388,1.0062,0.455,0.3473,NA,NA,4.6694
1795,1990,C,4,405,1.4553,1.0988,1.0475,0.6659,0.3916,NA,NA,4.6591
1800,1990,C,4,375,0.9578,1.2395,1.1268,0.6886,0.3218,NA,NA,4.3345
1809,1990,C,4,360,0.943,1.3139,1.034,0.77,0.3983,NA,NA,4.4592
1810,1990,C,4,330,0.954,0.8897,0.8049,0.7862,0.8012,NA,NA,4.236
1765,1990,E,4,365,1.1938,1.4701,1.0507,0.5943,0.3695,NA,NA,4.6784
1785,1990,E,4,440,1.0625,1.3937,1.0113,0.8208,0.7774,NA,NA,5.0657
202,1991,C,4,400,1.1622,1.8913,1.2985,0.8991,0.3745,NA,NA,5.6256
1708,1993,C,4,380,1.4846,1.6026,1.3781,0.5765,0.2167,NA,NA,5.2585
1715,1993,C,4,377,1.2868,1.4455,1.1826,0.4725,0.2261,NA,NA,4.6135
1718,1993,C,4,369,1.6671,0.7292,0.942,0.7709,0.4924,NA,NA,4.6016
1728,1993,C,4,350,1.6168,0.7757,1.3141,0.5965,0.5102,NA,NA,4.8133
1743,1993,C,4,353,1.3612,1.3512,1.2118,0.5653,0.1907,NA,NA,4.6802
1755,1993,C,4,370,1.5516,1.6416,1.1619,0.4764,0.2656,NA,NA,5.0971
1626,1949,C,5,386,1.2702,0.8983,0.8853,0.7946,0.7759,0.2947,NA,4.919
1627,1949,C,5,381,1.1925,0.7042,1.0737,0.9044,0.797,0.2143,NA,4.8861
1628,1949,C,5,381,1.1491,1.0261,1.0217,0.9195,0.4405,0.2885,NA,4.8454
1629,1949,C,5,383,1.2627,0.6813,1.2423,0.9369,0.7403,0.1662,NA,5.0297
1630,1949,C,5,386,1.7101,0.7011,0.9484,0.661,0.8298,0.1871,NA,5.0375
1631,1949,C,5,376,1.1226,1.1072,1.0875,0.8981,0.7598,0.2648,NA,5.24
1632,1949,C,5,373,1.1027,0.989,0.9016,0.9125,0.7335,0.2491,NA,4.8884
1633,1949,C,5,373,1.3621,0.8605,0.8666,0.8815,0.5614,0.1705,NA,4.7026
1634,1949,C,5,373,1.2168,0.6472,1.116,0.8928,0.7475,0.1321,NA,4.7524
1635,1949,C,5,373,1.0283,1.0079,1.1304,0.9489,0.5329,0.2053,NA,4.8537
1636,1949,C,5,373,1.0003,1.1237,1.1608,1.0593,0.7592,0.2206,NA,5.3239
1637,1949,C,5,368,1.0815,0.8157,1.0176,1,0.565,0.4859,NA,4.9657
1638,1949,C,5,368,1.5061,0.7832,0.7573,0.9278,0.8798,0.1484,NA,5.0026
1639,1949,C,5,368,0.8133,0.7383,0.6779,1.0272,0.7709,0.2696,NA,4.2972
1640,1949,C,5,368,1.6312,0.6906,1.1545,0.8607,0.4589,0.1628,NA,4.9587
1641,1949,C,5,366,1.3075,0.8523,1.0011,1.0176,0.5368,0.1461,NA,4.8614
1642,1949,C,5,363,1.2435,0.8559,0.9004,0.8334,0.7624,0.2122,NA,4.8078
1643,1949,C,5,363,1.3907,0.9494,0.7828,0.9004,0.7099,0.2504,NA,4.9836
1644,1949,C,5,361,0.9056,0.9081,1.3053,0.8578,0.6215,0.0828,NA,4.6811
1645,1949,C,5,361,1.3617,0.8275,0.9234,1.0856,0.5051,0.0839,NA,4.7872
1646,1949,C,5,361,0.8695,0.7993,0.9908,0.6429,0.7793,0.1983,NA,4.2801
1647,1949,C,5,356,1.0583,0.8976,1.0851,1.1169,0.703,0.3788,NA,5.2397
1648,1949,C,5,351,1.0814,0.9898,0.5088,0.9905,0.7035,0.2344,NA,4.5084
1649,1949,C,5,348,1.1022,0.8276,0.3161,0.8224,1.1,0.5221,NA,4.6904
1650,1949,C,5,345,1.2216,0.6721,0.5062,0.7353,0.8038,0.2059,NA,4.1449
1658,1949,C,5,345,1.0636,1.3292,1.4211,0.3367,0.2538,0.2929,NA,4.6973
1591,1950,C,5,381,1.0434,0.8714,1.1703,1.1297,0.6758,0.222,NA,5.1126
1612,1950,C,5,376,1.0624,1.3959,1.4626,0.8058,0.3034,0.0715,NA,5.1016
1567,1951,C,5,373,0.8255,1.4841,0.957,0.6333,0.3016,0.1363,NA,4.3378
1568,1951,C,5,394,1.2358,1.6091,1.1308,0.713,0.3871,0.2068,NA,5.2826
1569,1951,C,5,383,0.8474,1.6722,1.0052,0.4625,0.5433,0.2434,NA,4.774
1570,1951,C,5,381,0.8567,1.2928,1.2525,0.7954,0.4893,0.1286,NA,4.8153
1571,1951,C,5,386,0.9046,1.298,0.8445,0.627,0.3252,0.1758,NA,4.1751
1582,1951,C,5,345,1.1514,1.2339,0.7868,0.8474,0.3373,0.1185,NA,4.4753
1586,1951,C,5,417,1.1399,1.3349,1.0554,0.6059,0.4527,0.1207,NA,4.7095
1587,1951,C,5,381,1.4463,1.2102,1.1061,0.4644,0.4613,0.1986,NA,4.8869
1588,1951,C,5,401,1.2011,1.4162,1.3865,0.7878,0.4175,0.0865,NA,5.2956
1589,1951,C,5,424,1.1359,1.5125,1.0054,0.5724,0.3603,0.1937,NA,4.7802
1590,1951,C,5,381,0.9018,1.2111,1.2465,0.8452,0.4948,0.03,NA,4.7294
1521,1952,C,5,366,1.5493,1.2028,0.4833,0.3471,0.5535,0.2768,NA,4.4128
1522,1952,C,5,368,0.9496,1.3532,0.786,0.3881,0.5429,0.3252,NA,4.345
1523,1952,C,5,368,0.9185,1.177,1.0678,0.5352,0.6269,0.3022,NA,4.6276
1524,1952,C,5,371,1.5015,1.2195,0.6556,0.424,0.6146,0.2576,NA,4.6728
1525,1952,C,5,371,0.9064,1.2615,1.0707,0.4753,0.7364,0.3439,NA,4.7942
1526,1952,C,5,373,1.163,1.2551,0.9511,0.3693,0.7302,0.326,NA,4.7947
1527,1952,C,5,376,1.3131,1.283,0.5098,0.4009,0.6433,0.3069,NA,4.457
1528,1952,C,5,376,1.248,1.1425,0.8035,0.3446,0.5898,0.2915,NA,4.4199
1529,1952,C,5,378,1.5177,0.9333,0.8039,0.2545,0.6163,0.3535,NA,4.4792
1530,1952,C,5,378,0.8259,1.4486,0.9817,0.4719,0.7103,0.2557,NA,4.6941
1531,1952,C,5,381,0.7272,1.4214,0.9711,0.6227,0.5997,0.2733,NA,4.6154
1532,1952,C,5,381,1.1923,1.5754,0.6879,0.3939,0.6081,0.3427,NA,4.8003
1533,1952,C,5,356,0.6557,1.5388,0.6213,0.4908,0.7641,0.4061,NA,4.4768
1534,1952,C,5,366,1.3954,1.1105,0.8384,0.3514,0.6436,0.2803,NA,4.6196
1535,1952,C,5,373,1.6152,1.0556,0.4633,0.3145,0.6232,0.2332,NA,4.305
1536,1952,C,5,373,1.3042,1.4031,0.9871,0.4199,0.4181,0.0206,NA,4.553
1537,1952,C,5,378,0.5778,1.6503,0.9716,0.3027,0.6247,0.2261,NA,4.3532
1538,1952,C,5,384,0.582,1.4309,0.907,0.4649,0.9314,0.529,NA,4.8452
1539,1952,C,5,366,1.2849,1.5564,0.5822,0.5432,0.3971,0.322,NA,4.6858
1540,1952,C,5,368,0.9796,1.5083,0.769,0.6667,0.7825,0.321,NA,5.0271
1541,1952,C,5,358,0.9035,1.6014,0.814,0.6099,0.4552,0.1473,NA,4.5313
1542,1952,C,5,361,0.8551,1.6912,0.8568,0.389,0.5737,0.3264,NA,4.6922
1543,1952,C,5,361,0.8714,1.3513,0.7901,0.4569,0.5803,0.2935,NA,4.3435
1544,1952,C,5,363,1.4444,1.5286,0.7803,0.3271,0.5627,0.319,NA,4.9621
1545,1952,C,5,363,1.076,1.5367,0.5621,0.44,0.5609,0.2748,NA,4.4505
1546,1952,C,5,384,1.2487,1.2067,1.0038,0.4354,0.7127,0.3495,NA,4.9568
1547,1952,C,5,384,1.1403,1.4793,0.8215,0.2649,0.6705,0.3848,NA,4.7613
1548,1952,C,5,386,1.0099,1.523,1.3035,0.4905,0.5792,0.2871,NA,5.1932
1549,1952,C,5,386,1.2295,1.6069,0.8549,0.6543,0.4826,0.3998,NA,5.228
1550,1952,C,5,391,1.3726,1.5076,0.7625,0.4741,0.6226,0.4344,NA,5.1738
1551,1952,C,5,391,1.4071,1.1218,0.4794,0.5528,0.4355,0.2877,NA,4.2843
1552,1952,C,5,396,1.365,1.4548,0.7295,0.5138,0.8335,0.3354,NA,5.232
1553,1952,C,5,396,1.5963,1.3259,0.8147,0.3129,0.5559,0.3249,NA,4.9306
1554,1952,C,5,373,1.1961,1.4571,0.5681,0.3483,0.4254,0.362,NA,4.357
1555,1952,C,5,368,1.2393,1.2582,0.7172,0.3485,0.6166,0.3577,NA,4.5375
1489,1953,C,5,353,1.2226,1.0585,0.536,0.6646,0.3707,0.0498,NA,3.9022
1490,1953,C,5,358,0.9127,1.2376,0.7769,0.754,0.4491,0.1427,NA,4.273
1491,1953,C,5,351,1.1467,1.1143,0.6112,0.6079,0.7322,0.1263,NA,4.3386
1500,1953,C,5,363,1.1037,0.7932,0.7562,0.8651,0.742,0.1429,NA,4.4031
1502,1953,C,5,363,1.5658,0.7521,0.5339,0.9328,0.6877,0.1709,NA,4.6432
1503,1953,C,5,363,1.3881,0.8345,0.529,0.7731,0.5137,0.1806,NA,4.219
1516,1953,C,5,391,1.4488,1.0487,0.4549,0.7232,0.6945,0.2519,NA,4.622
1517,1953,C,5,391,1.6681,0.9128,0.7095,0.8905,0.5312,0.1726,NA,4.8847
1519,1953,C,5,389,1.2695,1.372,0.6146,0.7744,0.7471,0.2151,NA,4.9927
1453,1954,C,5,315,0.9709,0.8381,1.0416,0.7467,0.5468,0.272,NA,4.4161
1456,1954,C,5,368,1.1196,0.854,1.0258,0.9055,0.5638,0.2458,NA,4.7145
1457,1954,C,5,358,1.2337,0.6855,0.9175,0.533,0.3643,0.5656,NA,4.2996
1460,1954,C,5,305,0.832,0.7158,0.8879,0.3574,0.2445,0.1467,NA,3.1843
1463,1954,C,5,333,1.2302,0.7543,1.0975,0.6581,0.3198,0.304,NA,4.3639
1471,1954,C,5,386,1.0146,0.9923,1.2236,0.5711,0.3301,0.4178,NA,4.5495
1473,1954,C,5,325,0.8581,0.8136,0.9764,0.7747,0.4413,0.2328,NA,4.0969
1477,1954,C,5,371,1.4109,0.8349,0.8806,0.7566,0.5316,0.2981,NA,4.7127
1422,1955,C,5,376,0.9116,1.4359,0.7987,0.5362,0.5883,0.2091,NA,4.4798
1430,1955,C,5,391,1.0154,1.0356,0.9202,0.532,0.5911,0.6336,NA,4.7279
1441,1955,C,5,330,0.8124,1.1614,0.8202,0.4045,0.4286,0.1467,NA,3.7738
1450,1955,C,5,351,1.021,1.1124,0.6864,0.5504,0.3516,0.2718,NA,3.9936
1381,1956,C,5,356,0.9852,1.0696,0.4759,0.6964,0.8928,0.4867,NA,4.6066
1383,1956,C,5,340,1.1569,1.3146,0.4126,0.3336,0.5629,0.3171,NA,4.0977
1389,1956,C,5,348,1.1226,1.075,0.8477,0.6735,0.5486,0.3474,NA,4.6148
1397,1956,C,5,373,1.2797,1.1252,0.6367,0.8906,0.7213,0.4176,NA,5.0711
1399,1956,C,5,366,1.5563,0.9292,0.8597,0.2195,0.7987,0.5307,NA,4.8941
1363,1957,C,5,406,0.8973,0.8024,0.5278,0.5488,0.3922,0.2407,NA,3.4092
1364,1957,C,5,351,0.8072,0.5077,0.5536,0.3417,0.3034,0.2006,NA,2.7142
1365,1957,C,5,371,0.7596,0.3277,0.5804,0.3464,0.328,0.3125,NA,2.6546
1366,1957,C,5,391,0.6732,0.4873,0.5587,0.5556,0.3868,0.2614,NA,2.923
1367,1957,C,5,422,0.7113,0.6352,0.6949,0.358,0.2028,0.3962,NA,2.9984
1370,1957,C,5,394,0.5417,0.8207,0.7949,0.379,0.4723,0.2432,NA,3.2518
1319,1958,C,5,381,1.3947,1.0568,1.2792,0.7122,0.4881,0.022,NA,4.953
1328,1958,C,5,345,0.9577,1.2642,0.9926,0.9378,0.5357,0.0177,NA,4.7057
1329,1958,C,5,343,1.3308,0.8478,1.1627,0.795,0.5481,0.0126,NA,4.697
1336,1958,C,5,340,1.2236,0.9864,1.2376,0.7592,0.5786,0.0076,NA,4.793
1344,1958,C,5,366,1.3476,1.0396,0.6838,0.6985,0.5274,0.0193,NA,4.3162
1277,1959,C,5,363,1.1352,1.3012,0.9665,0.6884,0.2156,0.0287,NA,4.3356
1278,1959,C,5,378,1.419,1.4695,0.9993,0.9949,0.2866,0.0401,NA,5.2094
1279,1959,C,5,361,1.1956,0.7906,1.1358,0.7561,0.7581,0.1647,NA,4.8009
1282,1959,C,5,373,1.0108,1.5594,1.25,0.9815,0.3595,0.1133,NA,5.2745
1283,1959,C,5,378,1.1239,1.3113,1.0081,0.8022,0.2934,0.1643,NA,4.7032
1284,1959,C,5,389,1.0174,1.7332,1.1773,0.9089,0.148,0.0314,NA,5.0162
1285,1959,C,5,368,1.2773,1.5088,1.0242,0.8386,0.3218,0.0261,NA,4.9968
1291,1959,C,5,366,0.7403,1.6815,1.0881,0.7052,0.315,0.0485,NA,4.5786
1292,1959,C,5,384,1.4684,1.1437,1.0378,0.9988,0.3073,0.1146,NA,5.0706
1293,1959,C,5,368,1.0254,0.9694,0.8034,0.9602,0.4595,0.135,NA,4.3529
1294,1959,C,5,345,0.9118,0.879,1.0423,1.0061,0.2604,0.0421,NA,4.1417
1295,1959,C,5,378,1.0744,1.715,0.9893,0.6472,0.8181,0.0393,NA,5.2833
1298,1959,C,5,318,1.1337,1.01,0.7596,0.8001,0.2841,0.0284,NA,4.0159
1303,1959,C,5,368,1.0738,1.4866,0.9073,0.8554,0.2695,0.0182,NA,4.6108
1309,1959,C,5,315,0.7785,1.1517,0.7297,0.8843,0.28,0.1017,NA,3.9259
1207,1960,C,5,330,0.956,1.0911,1.0023,0.2286,0.1213,0.0459,NA,3.4452
1209,1960,C,5,378,1.4771,0.9727,0.8685,0.691,0.1986,0.1238,NA,4.3317
1216,1960,C,5,330,0.9246,0.766,0.8444,0.4769,0.2222,0.347,NA,3.5811
1217,1960,C,5,333,1.4576,0.7832,0.6168,0.35,0.4307,0.5263,NA,4.1646
1218,1960,C,5,358,1.0541,1.2086,1.2079,0.3211,0.243,0.2802,NA,4.3149
1219,1960,C,5,394,1.2306,1.4253,1.2063,1.0638,0.1677,0.2631,NA,5.3568
1229,1960,C,5,376,1.0715,1.0909,1.0483,0.2822,0.5325,0.4661,NA,4.4915
1235,1960,C,5,300,1.0732,0.7438,1.0379,0.3125,0.2325,0.074,NA,3.4739
1236,1960,C,5,366,1.0474,0.8266,1.1996,0.2813,0.166,0.4039,NA,3.9248
1240,1960,C,5,318,0.9356,1.2111,1.1473,0.323,0.1871,0.0944,NA,3.8985
1172,1961,C,5,394,1.1474,1.3896,0.5485,0.2614,0.9122,0.758,NA,5.0171
1186,1961,C,5,394,0.6658,1.435,0.6618,0.6413,0.8786,0.4629,NA,4.7454
1189,1961,C,5,356,1.0952,0.8702,1.1735,0.4296,0.7622,0.3892,NA,4.7199
1199,1961,C,5,373,1.4496,1.0245,0.8817,0.2352,0.4492,0.4223,NA,4.4625
1200,1961,C,5,394,0.9312,0.9642,1.0004,0.3827,0.8497,0.4783,NA,4.6065
1202,1961,C,5,409,1.1781,1.3562,0.4815,0.5689,0.9337,0.4667,NA,4.9851
1151,1962,C,5,389,1.1404,0.5807,1.0985,1.0262,0.6221,0.0832,NA,4.5511
1152,1962,C,5,368,0.6464,0.5003,0.961,1.0708,0.7757,0.0805,NA,4.0347
1158,1962,C,5,384,0.6955,0.7271,0.8978,1.2908,0.9418,0.1734,NA,4.7264
1117,1963,C,5,310,1.1216,0.2935,1.3571,0.9524,0.2581,0.0084,NA,3.9911
1124,1963,C,5,373,1.3715,1.0535,0.8873,0.3895,0.5445,0.0375,NA,4.2838
1069,1964,C,5,434,1.6729,1.5527,0.882,0.6119,0.3097,0.4697,NA,5.4989
1070,1964,C,5,429,1.5435,1.7399,0.9742,0.6113,0.2013,0.6329,NA,5.7031
1071,1964,C,5,376,1.3194,1.7088,0.9063,0.3715,0.2311,0.4193,NA,4.9564
1078,1964,C,5,409,1.5371,1.2453,0.9943,0.7925,0.4314,0.1976,NA,5.1982
1100,1964,C,5,414,1.502,1.6209,0.7083,0.1386,0.1789,0.8294,NA,4.9781
1031,1965,C,5,366,1.2058,1.1244,0.917,0.5125,0.377,0.0155,NA,4.1522
1035,1965,C,5,396,1.1744,1.3096,0.315,0.7102,1.146,0.3706,NA,5.0258
1037,1965,C,5,340,1.4167,0.9621,0.1703,0.5242,1.2094,0.1935,NA,4.4762
1038,1965,C,5,338,1.2041,1.1415,0.6572,0.3443,0.7927,0.028,NA,4.1678
1041,1965,C,5,373,1.4048,1.6719,0.7574,0.2653,0.6823,0.0276,NA,4.8093
1044,1965,C,5,411,1.2161,1.2805,0.5968,0.2929,1.0073,0.1059,NA,4.4995
1046,1965,C,5,396,1.6122,1.5492,0.261,0.4604,0.9847,0.3787,NA,5.2462
1050,1965,C,5,391,1.7443,0.9049,0.3752,0.3472,1.2212,0.2523,NA,4.8451
1054,1965,C,5,348,1.5294,1.4013,0.7227,0.2976,0.4734,0.0327,NA,4.4571
1057,1965,C,5,422,1.4544,1.3204,0.581,0.4471,0.9393,0.153,NA,4.8952
1060,1965,C,5,429,1.2634,1.4166,0.8724,0.3021,0.955,0.0653,NA,4.8748
996,1966,C,5,325,0.9894,0.6951,0.5402,1.0627,0.4495,0.1232,NA,3.8601
997,1966,C,5,353,1.093,0.6434,0.5158,1.1674,0.3984,0.2104,NA,4.0284
998,1966,C,5,396,1.4059,0.9181,0.9283,1.1339,0.281,0.2761,NA,4.9433
999,1966,C,5,368,1.5706,0.7072,0.2641,1.1851,0.567,0.3966,NA,4.6906
1000,1966,C,5,401,1.4127,0.6939,0.5994,0.9262,0.3214,0.3295,NA,4.2831
1001,1966,C,5,351,1.4166,0.6833,0.3505,1.2831,0.4264,0.3255,NA,4.4854
1002,1966,C,5,384,1.4052,0.9501,0.685,1.1498,0.2704,0.3595,NA,4.82
1003,1966,C,5,391,1.5958,0.9777,0.4357,0.7956,0.318,0.4455,NA,4.5683
1004,1966,C,5,381,1.5557,1.1134,0.4224,1.0467,0.423,0.3184,NA,4.8796
1005,1966,C,5,351,1.352,0.8208,0.5056,1.0679,0.122,0.2214,NA,4.0897
1006,1966,C,5,381,1.5066,0.8295,0.8718,1.0131,0.3695,0.2769,NA,4.8674
1007,1966,C,5,401,1.5171,0.8136,0.5635,0.9225,0.344,0.3233,NA,4.484
1008,1966,C,5,384,1.3105,0.9013,0.3861,0.9788,0.4452,0.3564,NA,4.3783
1009,1966,C,5,381,1.3706,1.0035,0.9644,0.7879,0.2469,0.2753,NA,4.6486
1011,1966,C,5,368,1.6016,0.7719,1.0715,0.8907,0.2717,0.2656,NA,4.873
1012,1966,C,5,394,1.1874,0.9207,0.5087,0.9848,0.1515,0.3569,NA,4.11
1015,1966,C,5,323,0.9316,1.1366,0.7231,0.5854,0.4553,0.1968,NA,4.0288
1016,1966,C,5,318,0.938,1.4105,0.6023,0.4483,0.3342,0.3562,NA,4.0895
1018,1966,C,5,399,1.1911,1.0663,0.7779,1.2414,0.4607,0.4249,NA,5.1623
1019,1966,C,5,366,1.2192,0.3925,0.4782,1.0135,0.8256,0.5581,NA,4.4871
1020,1966,C,5,371,1.6487,0.8613,0.4346,1.1017,0.4383,0.3171,NA,4.8017
1022,1966,C,5,333,1.0783,1.1833,0.2549,0.7526,0.6609,0.2894,NA,4.2194
1025,1966,C,5,325,1.1228,0.5253,0.6099,0.7792,0.6769,0.3794,NA,4.0935
1026,1966,C,5,348,0.7993,1.5924,0.7295,0.6037,0.4019,0.4349,NA,4.5617
1030,1966,C,5,389,1.5908,0.8083,0.7617,1.0016,0.2327,0.2771,NA,4.6722
1241,1967,C,5,356,0.87,0.9216,1.1203,0.3603,0.6346,0.1664,NA,4.0732
1246,1967,C,5,368,0.9643,0.2667,0.8241,0.5782,1.3698,0.4215,NA,4.4246
1250,1967,C,5,411,0.9682,0.7142,1.1868,0.5301,0.9873,0.3778,NA,4.7644
1251,1967,C,5,358,1.104,1.2014,1.0614,0.6485,0.8628,0.2992,NA,5.1773
1258,1967,C,5,353,0.8998,0.6462,1.0891,0.4725,0.9481,0.3751,NA,4.4308
1260,1967,C,5,394,1.2314,0.7817,1.2653,0.6481,0.7246,0.2159,NA,4.867
1265,1967,C,5,376,1.0524,1.0055,1.1207,0.3977,0.8476,0.218,NA,4.6419
1269,1967,C,5,427,0.8259,1.2878,1.3178,0.2932,1.0332,0.519,NA,5.2769
1273,1967,C,5,368,0.6079,0.9873,0.9244,0.4437,1.1782,0.2949,NA,4.4364
965,1968,C,5,340,0.8019,1.3127,0.8618,0.9612,0.3114,0.1111,NA,4.3601
966,1968,C,5,338,0.8546,1.1851,0.6732,1.2528,0.2197,0.1577,NA,4.3431
967,1968,C,5,338,0.8414,0.833,0.222,1.2657,0.5107,0.0329,NA,3.7057
970,1968,C,5,335,0.8204,1.1898,0.6588,0.9964,0.1822,0.1245,NA,3.9721
986,1968,C,5,404,1.018,1.3161,0.6362,1.12,0.4502,0.0809,NA,4.6214
993,1968,C,5,401,1.3793,1.0665,0.5348,1.0585,0.6928,0.0903,NA,4.8222
994,1968,C,5,411,1.2936,1.377,0.5067,1.3092,0.434,0.0449,NA,4.9654
945,1969,C,5,338,0.5872,0.3717,1.0151,0.4522,0.2154,0.0066,NA,2.6482
954,1969,C,5,320,0.9449,0.846,1.3076,0.2871,0.2258,0.0255,NA,3.6369
902,1971,E,5,406,1.5972,0.8216,0.5196,0.6372,0.5811,0.002,NA,4.1587
920,1971,E,5,368,1.1291,0.7359,0.7209,0.5905,0.5355,0.0114,NA,3.7233
921,1971,E,5,386,0.962,0.4629,0.1888,1.2016,0.7513,0.0056,NA,3.5722
857,1972,E,5,351,0.7453,0.784,1.569,0.9729,0.2383,0.1046,NA,4.4141
860,1972,E,5,373,0.7546,0.842,1.4133,0.8583,0.5438,0.0081,NA,4.4201
861,1972,E,5,368,0.6239,0.3298,1.0041,0.9953,0.6495,0.1288,NA,3.7314
865,1972,E,5,361,0.517,0.8014,1.4277,1.0849,0.5599,0.0066,NA,4.3975
866,1972,E,5,371,0.9756,0.4301,1.012,0.5987,0.3992,0.0022,NA,3.4178
867,1972,E,5,356,0.8586,0.3759,1.4248,1.4861,0.4984,0.1483,NA,4.7921
869,1972,E,5,358,0.6847,0.5271,1.1588,0.6328,0.4705,0.0117,NA,3.4856
874,1972,E,5,343,0.8082,0.3029,1.189,1.3824,0.7181,0.022,NA,4.4226
875,1972,E,5,343,0.5273,0.6445,0.8992,1.1307,0.6022,0.0078,NA,3.8117
878,1972,E,5,376,0.5874,0.9447,1.1918,1.337,0.4861,0.1236,NA,4.6706
879,1972,E,5,373,0.6503,0.377,1.4131,1.4562,0.5568,0.0085,NA,4.4619
887,1972,E,5,366,0.6484,0.7676,1.0748,1.1669,0.3051,0.0317,NA,3.9945
888,1972,E,5,356,0.6491,0.6696,0.523,1.0715,0.4728,0.0665,NA,3.4525
889,1972,E,5,351,0.5993,0.627,1.1518,1.6467,0.4752,0.1287,NA,4.6287
890,1972,E,5,351,0.919,0.283,1.3143,0.8298,0.7155,0.0444,NA,4.106
831,1973,E,5,381,1.1975,1.877,0.8424,0.2808,0.1608,0.0061,NA,4.3646
833,1973,E,5,353,0.5385,1.228,1.4485,0.5733,0.1138,0.0089,NA,3.911
837,1973,E,5,376,0.4907,1.0713,1.0982,0.6865,0.1905,0.0028,NA,3.54
839,1973,E,5,325,0.5276,1.3054,1.1267,0.3762,0.0907,0.01,NA,3.4366
841,1973,E,5,351,0.6084,1.3484,1.1269,0.419,0.1113,0.011,NA,3.625
842,1973,E,5,353,0.6582,1.1686,0.9907,0.6254,0.2498,0.0062,NA,3.6989
844,1973,E,5,381,0.5455,1.5381,1.3149,0.5589,0.1118,0.0068,NA,4.076
846,1973,E,5,338,0.6475,1.072,1.1789,0.5672,0.0976,0.0379,NA,3.6011
847,1973,E,5,338,0.5164,1.3151,0.9143,0.7566,0.219,0.021,NA,3.7424
848,1973,E,5,340,0.5997,1.4309,1.1508,0.6342,0.0877,0.0056,NA,3.9089
852,1973,E,5,312,0.6937,1.0996,1.5892,0.423,0.2557,0.0457,NA,4.1069
854,1973,E,5,345,0.5761,1.2029,1.1582,0.5275,0.0896,0.0137,NA,3.568
786,1975,E,5,368,0.5983,1.6009,0.5901,0.3207,0.7374,0.0107,NA,3.8581
787,1975,E,5,356,0.5897,0.4491,0.31,1.1125,0.7429,0.0994,NA,3.3036
788,1975,E,5,340,1.498,0.4344,0.3445,0.3271,0.5887,0.0088,NA,3.2015
789,1975,E,5,333,1.5903,0.5476,0.2401,0.6853,0.9538,0.0061,NA,4.0232
791,1975,E,5,328,1.4443,0.2649,0.1849,0.3178,0.5954,0.0112,NA,2.8185
792,1975,E,5,325,1.2166,0.28,0.4234,0.3545,1.0273,0.0121,NA,3.3139
795,1975,E,5,318,1.332,0.7551,0.3531,0.2492,0.6217,0.022,NA,3.3331
796,1975,E,5,318,1.138,0.4596,0.2776,0.146,0.6808,0.0204,NA,2.7224
797,1975,E,5,315,1.7029,0.5502,0.2999,0.2784,0.7328,0.0092,NA,3.5734
798,1975,E,5,310,1.1536,0.6873,0.1199,0.2343,0.7337,0.0099,NA,2.9387
799,1975,E,5,310,1.6342,0.5244,0.2276,0.1697,0.7307,0.0093,NA,3.2959
800,1975,E,5,307,0.8291,0.6209,0.2634,0.323,0.7633,0.0056,NA,2.8053
802,1975,E,5,305,0.8365,0.429,0.2442,0.49,0.9256,0.0115,NA,2.9368
804,1975,E,5,305,1.3667,0.7614,0.3311,0.3325,0.8432,0.0136,NA,3.6485
806,1975,E,5,302,1.1126,0.8621,0.2776,0.3925,0.6169,0.0045,NA,3.2662
808,1975,E,5,302,1.4499,0.4386,0.21,0.2395,0.5836,0.0043,NA,2.9259
809,1975,E,5,300,0.8654,0.8893,0.4003,0.1576,1.0479,0.0075,NA,3.368
810,1975,E,5,300,1.2625,0.3764,0.3735,0.2486,0.8446,0.0125,NA,3.1181
811,1975,E,5,300,1.5741,0.545,0.4176,0.1672,0.731,0.0107,NA,3.4456
812,1975,E,5,295,0.8057,0.8589,0.3876,0.2488,0.8841,0.0099,NA,3.195
813,1975,E,5,292,0.8632,0.6017,0.3292,0.3259,0.8849,0.0059,NA,3.0108
815,1975,E,5,287,1.4069,0.4533,0.1251,0.2493,0.8705,0.0136,NA,3.1187
816,1975,E,5,284,0.7467,0.6873,0.5181,0.3381,0.852,0.0137,NA,3.1559
817,1975,E,5,282,0.5543,0.402,0.437,0.2673,0.9442,0.0049,NA,2.6097
818,1975,E,5,282,0.658,0.6866,0.3436,0.41,0.9444,0.01,NA,3.0526
785,1976,E,5,330,1.185,0.4985,0.1797,0.5618,0.3183,0.0056,NA,2.7489
724,1977,E,5,340,1.2352,0.6324,0.4103,0.7991,0.6164,0.0124,NA,3.7058
736,1977,E,5,343,1.0715,0.5911,0.5205,0.8523,0.4431,0.0083,NA,3.4868
629,1983,E,5,416,1.26,1.1758,0.823,0.5804,0.4396,0.2652,NA,4.544
631,1983,E,5,398,1.141,1.4243,0.5818,0.4004,0.4226,0.3416,NA,4.3117
632,1983,E,5,395,1.1095,1.5911,0.7888,0.4564,0.3278,0.0783,NA,4.3519
634,1983,E,5,372,0.9402,1.9171,0.7437,0.5741,0.2631,0.3441,NA,4.7823
636,1983,E,5,358,0.882,1.3857,0.525,0.3513,0.2135,0.3112,NA,3.6687
637,1983,E,5,356,1.1032,1.3806,0.6602,0.3258,0.1899,0.2482,NA,3.9079
600,1985,E,5,401,1.3403,1.1914,1.1263,0.9391,0.6077,0.3585,NA,5.5633
319,1989,C,5,445,1.3458,1.5274,1.1435,0.9711,0.7554,0.2757,NA,6.0189
328,1989,C,5,450,1.4771,1.6916,0.9641,0.8462,0.6411,0.2573,NA,5.8774
336,1989,C,5,371,0.9529,1.1833,1.1395,0.7618,0.5318,0.1003,NA,4.6696
372,1989,E,5,340,0.8161,1.5233,0.4285,0.5751,0.5446,0.3086,NA,4.1962
1791,1990,C,5,482,0.8526,1.2381,1.0488,0.7949,0.759,0.5206,NA,5.214
1792,1990,C,5,478,0.926,1.656,1.3315,1.1632,0.9361,0.6357,NA,6.6485
1796,1990,C,5,422,1.0863,1.2212,1.0696,0.7619,0.4913,0.3488,NA,4.9791
1797,1990,C,5,431,1.0404,1.8769,1.0318,0.8534,0.6056,0.5849,NA,5.993
1798,1990,C,5,477,0.6647,1.5357,1.3785,0.9717,0.7972,0.5702,NA,5.918
1799,1990,C,5,460,1.1375,1.4476,1.0593,0.8418,0.9014,0.4855,NA,5.8731
1801,1990,C,5,450,1.1673,1.4976,1.0742,0.8349,0.5347,0.4866,NA,5.5953
1802,1990,C,5,455,0.5278,1.2108,1.1735,0.9523,0.8579,0.6537,NA,5.376
1803,1990,C,5,383,1.3196,1.3222,0.8276,0.63,0.2733,0.1984,NA,4.5711
1804,1990,C,5,388,0.5132,1.1319,1.5061,0.8319,0.6825,0.6189,NA,5.2845
1805,1990,C,5,440,0.8329,1.4824,1.2833,0.8432,0.6466,0.5672,NA,5.6556
1806,1990,C,5,405,0.8906,1.3098,0.8622,0.6627,0.5056,0.533,NA,4.7639
1807,1990,C,5,396,1.1795,1.6862,1.308,0.6066,0.5451,0.4237,NA,5.7491
1808,1990,C,5,429,0.4299,1.2571,1.6075,1.1062,0.7051,0.5126,NA,5.6184
1813,1990,C,5,500,1.2162,1.3968,1.2386,1.0377,0.8061,0.5816,NA,6.277
1815,1990,C,5,451,0.8254,1.6275,1.1088,0.8223,0.6644,0.6041,NA,5.6525
1816,1990,C,5,448,0.7876,1.7546,1.5047,0.9879,0.7854,0.7145,NA,6.5347
1817,1990,C,5,481,0.8742,1.3964,1.1782,0.8416,0.7758,0.4861,NA,5.5523
1818,1990,C,5,474,0.952,1.3019,1.0833,0.9324,0.7555,0.3962,NA,5.4213
1819,1990,C,5,480,0.5872,1.4382,1.3891,1.1705,0.8519,0.5063,NA,5.9432
1756,1990,E,5,480,1.0405,1.2607,0.909,0.7399,0.5861,0.4405,NA,4.9767
1757,1990,E,5,485,0.8129,1.2902,0.8151,0.7651,0.6425,0.5387,NA,4.8645
1758,1990,E,5,470,0.5572,1.292,1.2583,1.0751,0.6678,0.5232,NA,5.3736
1759,1990,E,5,438,1.1245,1.4026,1.4165,0.8316,0.7575,0.4525,NA,5.9852
1760,1990,E,5,432,0.5176,1.0185,1.0889,0.8208,0.5873,0.5673,NA,4.6004
1761,1990,E,5,403,1.1191,1.3847,0.8051,0.7678,0.6195,0.2859,NA,4.9821
1762,1990,E,5,410,1.0547,1.2753,1.0245,0.5802,0.4911,0.3407,NA,4.7665
1763,1990,E,5,387,1.0401,1.5779,0.9994,0.6099,0.3655,0.3408,NA,4.9336
1764,1990,E,5,374,0.4259,1.1932,1.2874,0.9222,0.4449,0.4189,NA,4.6925
1786,1990,E,5,420,0.8806,1.3244,0.9346,0.6283,0.5158,0.3159,NA,4.5996
1787,1990,E,5,410,1.2184,1.4166,1.1126,0.7094,0.6003,0.3686,NA,5.4259
1788,1990,E,5,385,0.4259,1.0868,1.1912,0.8089,0.5121,0.3358,NA,4.3607
1789,1990,E,5,576,0.5912,1.2483,1.2769,0.6907,0.3478,0.2429,NA,4.3978
1790,1990,E,5,578,0.9141,1.7096,1.2472,0.6977,0.3997,0.2553,NA,5.2236
200,1991,C,5,375,0.5666,1.5547,1.7358,0.8964,0.7864,0.0699,NA,5.6098
201,1991,C,5,375,0.5114,1.5128,1.7792,0.9554,0.6882,0.0547,NA,5.5017
246,1991,E,5,457,1.3238,1.59,1.2085,0.9102,0.5815,0.519,NA,6.133
279,1991,E,5,476,1.0727,1.5761,1.0102,0.6685,0.6594,0.5108,NA,5.4977
1594,1950,C,6,414,1.0661,0.871,1.0929,0.943,0.8027,0.4771,NA,5.2528
1595,1950,C,6,356,1.0625,0.9835,0.7238,0.8464,0.5504,0.3771,NA,4.5437
1596,1950,C,6,457,1.0068,1.2913,1.0072,0.9426,0.8591,0.4354,NA,5.5424
1597,1950,C,6,419,1.188,0.5585,1.0566,1.036,0.7803,0.6169,NA,5.2363
1598,1950,C,6,429,1.0369,0.8152,1.1804,1.1965,1.0508,0.4826,NA,5.7624
1601,1950,C,6,411,0.9249,1.2463,0.9064,0.9922,0.5204,0.3595,NA,4.9497
1602,1950,C,6,414,0.84,0.5722,1.3077,1.11,0.9396,0.5542,NA,5.3237
1605,1950,C,6,358,1.0124,1.2495,0.6508,0.8326,0.6123,0.2822,NA,4.6398
1611,1950,C,6,396,1.1882,0.6953,1.209,0.863,0.4972,0.2802,NA,4.7329
1618,1950,C,6,406,0.9593,1.372,0.5972,0.6696,0.5323,0.4351,NA,4.5655
1620,1950,C,6,465,1.4925,1.1701,0.9941,1.0541,0.8922,0.6183,NA,6.2213
1621,1950,C,6,427,0.9066,1.3238,0.6838,0.6288,0.5522,0.6273,NA,4.7225
1624,1950,C,6,404,0.8486,1.2893,0.7671,0.8564,0.7548,0.4371,NA,4.9533
1493,1953,C,6,343,0.7037,1.3349,0.8037,0.5751,0.3251,0.5129,NA,4.2554
1496,1953,C,6,335,0.7066,1.2879,1.0031,0.7751,0.6285,0.2681,NA,4.6693
1497,1953,C,6,340,0.7223,0.9453,0.7986,0.518,0.5438,0.452,NA,3.98
1498,1953,C,6,376,1.2662,1.4738,0.6716,0.4155,0.602,0.3531,NA,4.7822
1499,1953,C,6,371,0.771,1.4307,0.9161,0.1827,0.29,0.4796,NA,4.0701
1501,1953,C,6,363,0.8508,1.0866,0.9317,0.4005,0.4939,0.3271,NA,4.0906
1504,1953,C,6,363,1.2528,1.1685,0.7077,0.3952,0.4828,0.2332,NA,4.2402
1506,1953,C,6,399,1.1758,1.4395,0.8543,0.2545,0.6268,0.4064,NA,4.7573
1507,1953,C,6,399,1.0099,1.2276,0.809,0.378,0.695,0.5512,NA,4.6707
1509,1953,C,6,399,0.9828,1.4362,1.0716,0.2706,0.6784,0.418,NA,4.8576
1511,1953,C,6,378,1.0718,1.6383,0.8085,0.4208,0.764,0.114,NA,4.8174
1513,1953,C,6,389,1.3846,1.0191,1.1167,0.3962,0.5804,0.4685,NA,4.9655
1514,1953,C,6,386,1.6499,1.3185,0.8085,0.4306,0.5576,0.2676,NA,5.0327
1518,1953,C,6,401,0.9468,1.5446,0.9924,0.2761,0.6634,0.4408,NA,4.8641
1458,1954,C,6,376,0.8307,1.0655,0.6754,0.9116,0.7064,0.3632,NA,4.5528
1461,1954,C,6,345,0.8021,1.3817,0.7523,0.7487,0.3506,0.1597,NA,4.1951
1464,1954,C,6,381,0.9344,1.1574,0.4911,0.4077,0.4876,0.5613,NA,4.0395
1469,1954,C,6,373,0.9625,1.491,0.671,0.8849,0.4556,0.2134,NA,4.6784
1475,1954,C,6,335,0.7269,1.1739,0.4924,0.732,0.5139,0.3024,NA,3.9415
1476,1954,C,6,378,0.9556,0.9427,0.8059,0.8408,0.7727,0.5113,NA,4.829
1416,1955,C,6,373,0.9362,0.8422,0.8981,0.8933,0.4058,0.586,NA,4.5616
1417,1955,C,6,386,1.421,0.8779,0.6106,0.7362,0.3039,0.6125,NA,4.5621
1424,1955,C,6,363,0.907,0.7899,0.9157,0.5852,0.3343,0.2746,NA,3.8067
1431,1955,C,6,396,1.0481,0.7565,0.9106,0.5956,0.3017,0.5526,NA,4.1651
1432,1955,C,6,396,1.0213,1.0214,0.9628,0.9022,0.623,0.5548,NA,5.0855
1435,1955,C,6,386,0.9929,1.2078,0.8967,0.4596,0.4426,0.2672,NA,4.2668
1436,1955,C,6,376,1.0886,1.2944,0.8896,0.7369,0.2642,0.2939,NA,4.5676
1437,1955,C,6,368,0.7461,1.0694,1.0099,0.4716,0.6858,0.4287,NA,4.4115
1438,1955,C,6,417,1.0161,1.042,1.0239,0.6789,0.5579,0.5766,NA,4.8954
1440,1955,C,6,411,1.0329,1.392,1.064,0.7288,0.6772,0.3377,NA,5.2326
1387,1956,C,6,396,1.2386,1.0379,0.8402,0.6145,0.5939,0.6255,NA,4.9506
1392,1956,C,6,404,0.8568,0.9899,0.5227,0.8618,0.4385,0.8216,NA,4.4913
1401,1956,C,6,356,1.0852,1.2528,0.9515,0.2632,0.5385,0.2686,NA,4.3598
1407,1956,C,6,399,0.8731,0.7792,0.7287,0.4828,0.6482,0.5327,NA,4.0447
1408,1956,C,6,409,0.9286,1.08,1.0305,0.5882,0.807,0.548,NA,4.9823
1409,1956,C,6,404,0.6474,1.2841,0.944,0.5081,0.5537,0.6236,NA,4.5609
1411,1956,C,6,391,1.0332,0.7606,1.1655,0.7192,0.7249,0.4358,NA,4.8392
1313,1958,C,6,378,0.9687,1.2503,0.9228,0.7134,0.3135,0.3504,NA,4.5191
1331,1958,C,6,330,0.8178,0.7909,0.7473,0.7973,0.4647,0.1655,NA,3.7835
1332,1958,C,6,333,1.2346,1.2059,0.4069,0.3471,0.2569,0.1719,NA,3.6233
1333,1958,C,6,335,1.0078,0.9634,0.9254,0.8154,0.4488,0.349,NA,4.5098
1337,1958,C,6,348,0.8591,1.4496,0.7995,0.5542,0.2974,0.2305,NA,4.1903
1338,1958,C,6,351,1.0565,0.9824,0.8591,0.5554,0.2775,0.2305,NA,3.9614
1339,1958,C,6,351,0.7184,1.0738,0.5574,0.4,0.3969,0.2537,NA,3.4002
1340,1958,C,6,371,0.8543,1.141,0.7289,0.3754,0.4291,0.4099,NA,3.9386
1345,1958,C,6,378,1.0394,1.2434,0.7783,0.9347,0.4676,0.3516,NA,4.815
1289,1959,C,6,386,1.2175,1.039,0.6754,0.7136,0.4574,0.2291,NA,4.332
1206,1960,C,6,401,0.7971,1.7775,1.2251,0.9151,0.1378,0.1366,NA,4.9892
1210,1960,C,6,384,1.081,1.1976,0.7249,0.7664,0.3956,0.4591,NA,4.6246
1211,1960,C,6,376,1.3121,1.0201,0.9902,0.7723,0.3143,0.1652,NA,4.5742
1212,1960,C,6,368,0.9438,0.8341,0.9227,0.87,0.3006,0.2942,NA,4.1654
1213,1960,C,6,378,1.1853,1.2481,1.0827,0.678,0.1954,0.1499,NA,4.5394
1214,1960,C,6,389,1.0032,1.3403,1.1376,0.5483,0.0934,0.2322,NA,4.355
1215,1960,C,6,394,0.7147,1.3405,0.9126,0.6018,0.1187,0.1725,NA,3.8608
1221,1960,C,6,386,1.6412,1.2365,0.9741,0.8942,0.245,0.1554,NA,5.1464
1222,1960,C,6,371,1.2492,1.3505,0.8448,0.8357,0.1744,0.2156,NA,4.6702
1223,1960,C,6,378,0.9456,0.9578,1.0278,0.9067,0.2852,0.3517,NA,4.4748
1224,1960,C,6,368,0.739,1.1655,1.3822,1.0141,0.2266,0.1932,NA,4.7206
1227,1960,C,6,411,0.9771,1.0801,0.9961,0.6398,0.2012,0.1367,NA,4.031
1228,1960,C,6,376,1.247,1.0806,0.7029,0.7748,0.2505,0.1633,NA,4.2191
1232,1960,C,6,396,1.0381,1.2762,0.7357,0.9996,0.279,0.1321,NA,4.4607
1233,1960,C,6,394,1.3294,1.4762,1.165,0.9076,0.16,0.1779,NA,5.2161
1239,1960,C,6,351,1.102,0.9524,0.719,0.861,0.1422,0.1261,NA,3.9027
1171,1961,C,6,373,1.1394,1.1277,0.9561,0.3571,0.3319,0.5416,NA,4.4538
1174,1961,C,6,427,1.4165,1.2259,1.0632,0.3073,0.1908,0.69,NA,4.8937
1175,1961,C,6,376,1.059,0.7264,1.0903,0.4958,0.3719,0.6406,NA,4.384
1180,1961,C,6,356,0.8701,0.8285,0.4637,0.4207,0.5468,0.4954,NA,3.6252
1181,1961,C,6,376,1.1598,0.8605,0.9734,0.1949,0.1758,0.2639,NA,3.6283
1182,1961,C,6,376,1.1218,0.8717,0.9475,0.1654,0.1932,0.568,NA,3.8676
1184,1961,C,6,386,1.1743,1.196,0.8862,0.2712,0.2105,0.4252,NA,4.1634
1187,1961,C,6,401,1.2226,0.9995,1.2609,0.2532,0.2099,0.5651,NA,4.5112
1191,1961,C,6,417,0.8585,0.9178,0.6099,0.347,0.4726,0.5946,NA,3.8004
1193,1961,C,6,409,0.9289,1.3197,0.92,0.7294,0.5456,0.846,NA,5.2896
1195,1961,C,6,348,0.9588,0.8222,1.132,0.2696,0.2533,0.3386,NA,3.7745
1196,1961,C,6,330,1.0063,1.2092,0.5555,0.5798,0.2482,0.4903,NA,4.0893
1198,1961,C,6,417,1.0804,1.4399,0.9821,0.6984,0.2001,0.2376,NA,4.6385
1142,1962,C,6,391,0.9493,1.3738,0.8105,0.5195,1.0386,0.6447,NA,5.3364
1144,1962,C,6,371,1.0832,1.027,1.1124,0.4465,0.1879,0.3586,NA,4.2156
1150,1962,C,6,414,1.2739,1.1344,1.2878,0.3585,0.3014,0.5951,NA,4.9511
1157,1962,C,6,391,1.1402,1.4237,0.6392,0.2626,0.8051,0.7006,NA,4.9714
1160,1962,C,6,411,1.0583,1.4736,0.4694,0.3491,0.9584,0.9748,NA,5.2836
1162,1962,C,6,409,1.2527,0.9503,0.7347,0.2054,0.66,0.3439,NA,4.147
1164,1962,C,6,401,0.8464,1.1439,0.7,0.8684,0.8537,0.6001,NA,5.0125
1103,1963,C,6,376,1.0592,0.9841,0.7739,0.2804,0.6128,0.5998,0.0237,4.3339
1105,1963,C,6,386,0.9327,1.0839,1.0835,1.2307,0.8356,0.1724,0.0249,5.3637
1107,1963,C,6,366,0.738,0.7796,1.1447,1.1639,0.5666,0.2271,0.0325,4.6524
1122,1963,C,6,394,0.5386,0.6562,0.7215,0.9645,0.8304,0.3009,0.1548,4.1669
1134,1963,C,6,399,0.7647,0.6941,0.7323,1.1776,0.8597,0.2542,0.0493,4.5319
1043,1965,C,6,378,1.5137,1.4587,1.1967,0.6531,0.4573,0.2447,0.0231,5.5473
1047,1965,C,6,401,1.39,1.6722,0.8099,0.1917,0.373,0.9189,0.0628,5.4185
1049,1965,C,6,384,1.4983,1.1066,0.4539,0.4208,0.6222,0.672,0.1038,4.8776
1244,1967,C,6,373,1.54,1.1082,0.4559,1.2839,0.2034,0.3028,0.0756,4.9698
1245,1967,C,6,399,1.2487,0.7297,0.6594,1.1355,0.2303,0.6607,0.1649,4.8292
1247,1967,C,6,366,1.1115,0.5427,0.3895,1.1512,0.1717,0.69,0.1472,4.2038
1254,1967,C,6,406,1.2406,1.0614,0.62,1.2103,0.204,0.464,0.1187,4.919
1256,1967,C,6,432,1.1389,0.898,0.7005,1.0343,0.2966,0.5299,0.17,4.7682
1257,1967,C,6,389,1.1901,0.801,0.8769,0.876,0.1996,0.4628,0.14,4.5464
1259,1967,C,6,391,0.919,1.0645,0.3032,0.9466,0.5347,0.7103,0.3155,4.7938
1261,1967,C,6,363,1.3049,0.8708,0.6804,0.6788,0.3166,0.5,0.0788,4.4303
1262,1967,C,6,429,1.6092,0.4642,0.614,1.1905,0.272,0.7899,0.2339,5.1737
1263,1967,C,6,401,1.0622,1.2102,0.5561,1.1627,0.2221,0.7818,0.2562,5.2513
1268,1967,C,6,455,1.1456,0.8886,0.6295,1.1805,0.275,0.7298,0.2804,5.1294
1270,1967,C,6,434,1.4277,0.856,0.6396,1.1736,0.2505,0.4807,0.2234,5.0515
1271,1967,C,6,391,1.6981,0.8667,0.4373,1.137,0.2061,0.4622,0.1798,4.9872
1272,1967,C,6,338,0.9215,1.1544,0.5914,0.5193,0.4145,0.3322,0.2534,4.1867
1275,1967,C,6,345,1.1552,0.519,0.6832,0.7018,0.4078,0.8244,0.044,4.3354
964,1968,C,6,340,0.7817,0.4937,1.2819,0.5829,0.8066,0.2472,0.1267,4.3207
975,1968,C,6,333,0.5087,0.4678,1.0693,0.982,1.2797,0.3117,0.005,4.6242
984,1968,C,6,376,0.6595,0.7424,1.0257,0.3421,0.8077,0.3669,0.0081,3.9524
990,1968,C,6,368,0.8641,0.6891,1.2373,0.5406,0.9717,0.458,0.0155,4.7763
995,1968,C,6,371,0.5436,0.3868,1.5211,0.4876,1.1194,0.3103,0.025,4.3938
926,1969,C,6,381,1.1637,1.2597,0.7944,1.1319,0.3593,0.1648,0.151,5.0248
930,1969,C,6,386,1.1122,0.9428,0.6248,1.2319,0.7766,0.5065,0.0212,5.216
932,1969,C,6,394,1.1254,1.3833,0.6505,1.0876,0.6966,0.3008,0.0154,5.2596
937,1969,C,6,363,0.9164,1.2442,0.431,1.2278,0.3307,0.1581,0.0221,4.3303
942,1969,C,6,363,0.9373,0.8852,0.2699,0.9138,0.2393,0.1064,0.0176,3.3695
949,1969,C,6,351,0.7593,0.742,0.3645,0.676,0.1065,0.1501,0.0367,2.8351
952,1969,C,6,353,0.9797,1.3177,0.506,0.8722,0.5956,0.2354,0.056,4.5626
893,1971,E,6,343,0.9607,0.8219,0.1873,0.3599,0.5383,0.6618,0.0065,3.5364
894,1971,E,6,356,0.6226,1.0096,0.6737,0.4119,0.5103,0.4925,0.0014,3.722
900,1971,E,6,437,0.5691,1.0467,0.597,0.2639,0.4372,0.6904,0.0053,3.6096
904,1971,E,6,330,0.9723,0.5906,0.1749,0.227,0.6224,0.589,0.007,3.1832
906,1971,E,6,386,0.7715,0.4994,0.2665,0.2944,0.8288,0.6087,0.0124,3.2817
911,1971,E,6,427,0.543,1.2259,0.7675,0.1864,0.3883,1.0402,0.0112,4.1625
919,1971,E,6,406,1.077,0.8886,0.4097,0.1645,0.8008,0.6657,0.0087,4.015
863,1972,E,6,368,0.9171,0.7686,0.6665,0.9882,0.7246,0.3972,0.0131,4.4753
880,1972,E,6,391,0.8573,0.906,0.5321,0.7566,0.7923,0.3876,0.0075,4.2394
881,1972,E,6,381,0.5674,1.2175,0.3198,1.3908,0.4991,0.3023,0.0157,4.3126
884,1972,E,6,401,0.8893,0.9469,0.2665,0.9388,0.7184,0.4281,0.0106,4.1986
822,1973,E,6,323,1.0045,0.4945,0.9035,0.5419,0.244,0.117,0.0062,3.3116
827,1973,E,6,234,0.9393,0.2554,0.4381,0.433,0.359,0.1312,0.0043,2.5603
832,1973,E,6,381,0.4968,0.2993,1.3181,1.5351,0.5879,0.2038,0.0068,4.4478
836,1973,E,6,371,0.7641,0.8305,1.4046,1.271,0.5679,0.0825,0.007,4.9276
838,1973,E,6,325,0.6248,0.3398,0.8739,1.1789,0.4126,0.1506,0.0039,3.5845
840,1973,E,6,318,0.5628,0.392,1.5097,0.1891,0.2125,0.1367,0.0075,3.0103
850,1973,E,6,335,0.483,0.3256,1.0382,1.4216,0.5112,0.2574,0.0197,4.0567
853,1973,E,6,386,0.6273,0.673,1.1247,0.8917,0.5725,0.3366,0.0057,4.2315
855,1973,E,6,368,0.4397,0.5633,1.1322,0.8595,0.4638,0.2099,0.0106,3.679
790,1975,E,6,330,1.3968,1.2947,0.5305,0.2436,0.2185,0.5587,0.0093,4.2521
793,1975,E,6,323,1.2553,0.6466,0.3855,0.1498,0.0658,0.9087,0.0063,3.418
794,1975,E,6,320,0.9526,0.9225,0.3442,0.302,0.3323,0.7325,0.012,3.5981
801,1975,E,6,305,0.5572,1.2696,0.1398,0.4044,0.1056,0.5441,0.0128,3.0335
803,1975,E,6,305,0.6056,1.4848,0.3342,0.138,0.1078,0.2609,0.0036,2.9349
805,1975,E,6,305,0.7725,0.5647,0.6527,0.2728,0.2103,0.795,0.0031,3.2711
807,1975,E,6,302,0.7826,0.7557,0.3365,0.288,0.2531,0.6552,0.0138,3.0849
814,1975,E,6,290,0.8,0.4292,0.4374,0.3852,0.3596,0.5783,0.0149,3.0046
751,1976,E,6,335,0.8714,0.5788,0.1127,0.1261,0.5076,0.3381,0.0095,2.5442
752,1976,E,6,325,0.7691,0.2118,0.0959,0.2219,0.5255,0.2876,0.0075,2.1193
753,1976,E,6,358,0.4565,0.5759,0.2808,0.3578,0.6236,0.2503,0.0093,2.5542
754,1976,E,6,330,0.6162,0.3863,0.2613,0.2749,0.5487,0.3979,0.0082,2.4935
756,1976,E,6,358,0.9007,0.292,0.2383,0.2063,0.3923,0.376,0.0087,2.4143
757,1976,E,6,300,0.4261,0.1728,0.0842,0.0843,0.4033,0.1865,0.0168,1.374
759,1976,E,6,335,0.441,0.4753,0.1436,0.1355,0.5319,0.2708,0.0205,2.0186
760,1976,E,6,391,0.4472,0.5899,0.1744,0.149,0.5113,0.2343,0.0062,2.1123
761,1976,E,6,335,0.6186,0.1958,0.1773,0.2461,0.5059,0.404,0.0189,2.1666
762,1976,E,6,356,0.8165,0.485,0.2188,0.2106,0.3853,0.3041,0.005,2.4253
763,1976,E,6,320,0.5983,0.4634,0.1447,0.2327,0.5789,0.2148,0.0037,2.2365
765,1976,E,6,340,0.623,0.105,0.0948,0.1955,0.41,0.224,0.0103,1.6626
766,1976,E,6,333,0.9485,0.5161,0.1093,0.1528,0.5826,0.2249,0.0059,2.5401
767,1976,E,6,330,0.7834,0.1587,0.1835,0.1293,0.585,0.2927,0.0012,2.1338
769,1976,E,6,363,0.6227,0.4709,0.1412,0.2541,0.5877,0.2133,0.0287,2.3186
770,1976,E,6,353,1.0961,0.3624,0.2952,0.4904,0.9677,0.5921,0.0062,3.8101
771,1976,E,6,330,0.5367,0.5056,0.2356,0.2865,0.6242,0.4,0.0112,2.5998
772,1976,E,6,335,0.816,0.3253,0.1195,0.1928,0.5254,0.2719,0.0098,2.2607
773,1976,E,6,335,0.832,0.2708,0.2369,0.2087,0.6333,0.3597,0.0031,2.5445
774,1976,E,6,320,0.5522,0.3985,0.0617,0.0888,0.5902,0.316,0.0075,2.0149
775,1976,E,6,330,0.5617,0.6373,0.2026,0.3113,0.6685,0.3386,0.0076,2.7276
776,1976,E,6,343,0.6716,0.2648,0.2469,0.1356,0.4712,0.295,0.0103,2.0954
777,1976,E,6,343,0.6712,0.1761,0.1083,0.2659,0.3929,0.241,0.0069,1.8623
778,1976,E,6,353,0.6434,0.379,0.1384,0.1531,0.5323,0.2506,0.0143,2.1111
779,1976,E,6,350,0.2609,0.4519,0.0964,0.0901,0.5132,0.1969,0.007,1.6164
780,1976,E,6,318,0.7799,0.3523,0.0878,0.2417,0.5977,0.2139,0.0076,2.2809
781,1976,E,6,312,0.5524,0.5947,0.1131,0.211,0.5316,0.2528,0.0128,2.2684
782,1976,E,6,345,0.7438,0.476,0.1296,0.4267,0.6015,0.3131,0.0108,2.7015
783,1976,E,6,345,0.4858,0.2608,0.3467,0.1867,0.5257,0.2816,0.0118,2.0991
784,1976,E,6,373,0.9038,0.6336,0.0839,0.115,0.6174,0.2311,0.0039,2.5887
576,1985,E,6,422,0.9628,0.8468,0.6421,0.3606,0.5325,0.3937,0.3334,4.0719
579,1985,E,6,414,1.4093,1.7117,0.5807,0.3773,0.5967,0.4124,0.3902,5.4783
580,1985,E,6,432,0.984,1.1829,0.8441,0.5578,0.7895,0.5752,0.2252,5.1587
581,1985,E,6,465,1.1018,0.8534,0.743,0.321,0.6876,0.4577,0.4223,4.5868
582,1985,E,6,396,1.1394,1.5008,0.7566,0.3047,0.3863,0.3742,0.2131,4.6751
583,1985,E,6,373,0.9735,1.2102,0.945,0.6923,0.5791,0.268,0.2428,4.9109
586,1985,E,6,401,0.709,1.3856,1.0594,0.8439,0.7171,0.4054,0.2332,5.3536
590,1985,E,6,399,0.7943,1.3055,0.9222,0.5467,0.5365,0.233,0.2521,4.5903
594,1985,E,6,447,0.8036,0.9735,0.9713,0.3586,1.0218,0.5777,0.4927,5.1992
601,1985,E,6,381,0.7785,1.1384,0.9149,0.6889,0.5535,0.339,0.253,4.6662
605,1985,E,6,432,1.2201,0.9292,0.9499,0.5478,0.6635,0.7182,0.4235,5.4522
609,1985,E,6,434,1.4048,0.9847,0.7438,0.3871,0.7455,0.5324,0.4645,5.2628
610,1985,E,6,394,1.1175,1.236,0.8527,0.7303,0.6876,0.3962,0.1385,5.1588
559,1986,E,6,406,0.8043,1.0401,0.9892,0.9466,0.3468,0.2176,0.4252,4.7698
561,1986,E,6,434,0.7265,1.2271,0.9267,0.923,0.5933,0.2883,0.3539,5.0388
1811,1990,C,6,500,1.0792,1.0657,0.9983,0.9762,0.8025,0.5078,0.3869,5.8166
1812,1990,C,6,496,1.1211,1.4927,1.1105,0.7776,0.8175,0.3457,0.3227,5.9878
1814,1990,C,6,520,1.266,1.3372,1.1363,0.9583,1.0625,0.3926,0.2281,6.381
203,1991,C,6,450,1.1628,1.8281,1.1554,0.8929,0.807,0.4108,0.0106,6.2676
204,1991,C,6,450,1.3077,1.5291,1.2308,0.8037,0.7931,0.3897,0.0311,6.0852
205,1991,C,6,382,0.4861,1.0482,1.5284,0.9906,0.6761,0.341,0.0139,5.0843
206,1991,C,6,382,0.4718,1.1757,1.5292,1.0452,0.6104,0.4961,0.0253,5.3537
207,1991,C,6,385,0.5235,1.0164,1.5343,0.8861,0.4414,0.3996,0.2071,5.0084
208,1991,C,6,405,0.4641,1.03,1.4597,0.9012,0.6507,0.477,0.1682,5.1509
209,1991,C,6,405,0.4643,1.039,1.4225,0.9996,0.625,0.5119,0.2249,5.2872
210,1991,C,6,370,0.4154,1.5359,1.395,0.8694,0.6284,0.3607,0.0589,5.2637
211,1991,C,6,370,0.4821,1.5035,1.5092,0.8959,0.6834,0.379,0.0553,5.5084
212,1991,C,6,395,0.4203,1.2538,1.3724,1.0891,0.4996,0.3784,0.1019,5.1155
213,1991,C,6,395,0.4716,1.2065,1.452,1.0939,0.5053,0.3252,0.0579,5.1124
214,1991,C,6,503,0.9877,1.4927,1.158,0.9941,0.7897,0.6323,0.0102,6.0647
215,1991,C,6,437,1.0061,1.5944,1.2459,0.7663,0.5574,0.5015,0.0145,5.6861
216,1991,C,6,435,0.8465,1.1349,1.5121,1.1769,0.849,0.8121,0.0291,6.3606
217,1991,C,6,450,0.638,1.3134,1.5403,1.3101,0.8089,0.5925,0.0168,6.22
218,1991,C,6,395,1.0817,1.6045,1.1012,0.694,0.4079,0.3464,0.0203,5.256
219,1991,C,6,475,1.3031,1.5742,1.1851,1.07,0.7759,0.618,0.0252,6.5515
220,1991,C,6,440,0.6292,0.6708,1.3326,0.9054,0.7341,0.4711,0.0996,4.8428
221,1991,C,6,445,0.5428,1.1259,1.4318,0.7347,0.4984,0.3764,0.0623,4.7723
223,1991,C,6,408,0.4898,1.2717,1.2629,0.8394,0.5047,0.3271,0.2698,4.9654
224,1991,C,6,465,0.4877,1.2773,1.4414,1.2517,0.8043,0.7484,0.0354,6.0462
225,1991,C,6,490,0.5451,1.5457,1.3966,0.8679,0.699,0.5222,0.2599,5.8364
226,1991,C,6,402,0.7671,1.5008,0.8894,0.6909,0.4422,0.4059,0.118,4.8143
227,1991,C,6,453,0.526,1.553,1.3948,0.8435,0.7543,0.6191,0.0475,5.7382
229,1991,C,6,480,1.205,1.916,1.0872,0.9776,0.7259,0.5874,0.1576,6.6567
230,1991,C,6,480,0.625,1.3992,1.4885,1.0328,0.7945,0.6369,0.0416,6.0185
231,1991,C,6,407,0.5091,1.2757,1.6121,0.9634,0.7033,0.5971,0.0149,5.6756
232,1991,C,6,385,0.4464,1.6727,0.9053,0.7343,0.5034,0.2483,0.0084,4.5188
237,1991,C,6,460,0.5573,1.7104,0.8682,0.7596,0.6803,0.4802,0.2682,5.3242
238,1991,C,6,495,0.903,1.6723,1.3577,1.0367,0.6478,0.5748,0.051,6.2433
239,1991,C,6,500,0.6228,1.2352,1.7057,1.1415,0.8507,0.6025,0.5025,6.6609
244,1991,C,6,455,0.7865,1.5714,1.3156,0.8399,0.676,0.49,0.1087,5.7881
247,1991,E,6,450,0.4638,1.4909,1.3241,1.0657,0.5291,0.4911,0.4587,5.8234
5,1992,C,6,468,1.0152,1.4007,1.1477,0.9902,0.9461,0.7425,0.0934,6.3358
9,1992,C,6,403,0.9026,1.7938,1.2224,0.7594,0.6408,0.5157,0.1076,5.9423
